Id,Nome,Descricao,Ticker,Version,VersionType,ExchangeId,InternalSymbol,InternalCryptoType,CotacaoAtivo,CodigoISINPapel,ElasticSearchId
1,AFLUENTE S.A.,NULL,$AFLT3,92,I,5,AFLT3,NULL,1,BRAFLTACNOR1,91M6OXIBooXOYNzv-Ftu
2,ALFA HOLDINGS S.A.,NULL,$RPAD6,92,I,5,RPAD6,NULL,1,BRRPADACNPB2,M1R-OXIBooXOYNzvjOTx
3,ALFA HOLDINGS S.A.,NULL,$RPAD3,92,I,5,RPAD3,NULL,1,BRRPADACNOR1,MVR-OXIBooXOYNzvjOSz
4,ALFA HOLDINGS S.A.,NULL,$RPAD5,92,I,5,RPAD5,NULL,1,BRRPADACNPA4,MlR-OXIBooXOYNzvjOS2
5,ALIANSCE SHOPPING CENTERS S.A.,NULL,$ALSO3,746,I,5,ALSO3,NULL,1,BRALSOACNOR5,DFM7OXIBooXOYNzvJl3L
6,ALPARGATAS S.A.,NULL,$ALPA3,92,I,5,ALPA3,NULL,1,BRALPAACNOR0,9FM7OXIBooXOYNzvIVzY
7,ALPARGATAS S.A.,NULL,$ALPA4,92,I,5,ALPA4,NULL,1,BRALPAACNPR7,9VM7OXIBooXOYNzvIlwM
8,ALUPAR INVESTIMENTO S.A.,NULL,$ALUP3,92,I,5,ALUP3,NULL,1,BRALUPACNOR8,PlM7OXIBooXOYNzvKV0P
9,ALUPAR INVESTIMENTO S.A.,NULL,$ALUP4,92,I,5,ALUP4,NULL,1,BRALUPACNPR5,P1M7OXIBooXOYNzvKV1G
10,ALUPAR INVESTIMENTO S.A.,NULL,$ALUP11,92,I,5,ALUP11,NULL,1,BRALUPCDAM15,PVM7OXIBooXOYNzvKF3Y
11,AMBEV S.A.,NULL,$ABEV3,92,I,5,ABEV3,NULL,1,BRABEVACNOR1,bFM5OXIBooXOYNzv3lVV
12,AMPLA ENERGIA E SERVIÇOS S.A.,NULL,$CBEE3,92,I,5,CBEE3,NULL,1,BRCBEEACNOR3,WlNLOXIBooXOYNzv8MGF
14,AREZZO S.A.,NULL,$ARZZ3,92,I,5,ARZZ3,NULL,1,BRARZZACNOR3,o1M7OXIBooXOYNzvaV7F
15,ATACADÃO S.A.,NULL,$CRFB3,92,I,5,CRFB3,NULL,1,BRCRFBACNOR2,bVNQOXIBooXOYNzv_t5Q
16,ATOM PARTICIPAÇÕES S.A. ,NULL,$ATOM3,92,I,5,ATOM3,NULL,1,BRATOMACNOR1,V1M7OXIBooXOYNzv32HF
17,AZEVEDO & TRAVASSOS S.A.,NULL,$AZEV4,92,I,5,AZEV4,NULL,1,BRAZEVACNPR7,B1M7OXIBooXOYNzv92KC
18,AZEVEDO & TRAVASSOS S.A.,NULL,$AZEV3,92,I,5,AZEV3,NULL,1,BRAZEVACNOR0,BlM7OXIBooXOYNzv92JP
19,AZUL S.A.,NULL,$AZUL4,92,I,5,AZUL4,NULL,1,BRAZULACNPR4,DlM7OXIBooXOYNzv-GL6
20,B2W - COMPANHIA DIGITAL,NULL,$BTOW3,92,I,5,BTOW3,NULL,1,BRBTOWACNOR8,RVNLOXIBooXOYNzvPr3M
21,BAHEMA S.A.,NULL,$BAHI3,92,I,5,BAHI3,NULL,1,BRBAHIACNOR1,nFM-OXIBooXOYNzvEm4x
22,BANCO ABC BRASIL S.A.,NULL,$ABCB4,92,I,5,ABCB4,NULL,1,BRABCBACNPR4,ZVM5OXIBooXOYNzv3FXl
23,BANCO ABC BRASIL S.A.,NULL,$ABCB2,92,I,5,ABCB2,NULL,1,NULL,ZFM5OXIBooXOYNzv3FWx
24,BANCO ALFA DE INVESTIMENTO S.A.,NULL,$BRIV4,92,I,5,BRIV4,NULL,1,BRBRIVACNPR3,3VNJOXIBooXOYNzvAa8q
25,BANCO ALFA DE INVESTIMENTO S.A.,NULL,$BRIV3,92,I,5,BRIV3,NULL,1,BRBRIVACNOR6,3FNJOXIBooXOYNzvAK_R
26,BANCO BANESE S.A.,NULL,$BGIP4,92,I,5,BGIP4,NULL,1,BRBGIPACNPR8,A1NDOXIBooXOYNzv2ZG3
27,BANCO BANESE S.A.,NULL,$BGIP3,92,I,5,BGIP3,NULL,1,BRBGIPACNOR1,AlNDOXIBooXOYNzv2ZGG
28,BANCO BANESTES S.A.,NULL,$BEES3,92,I,5,BEES3,NULL,1,BRBEESACNOR9,zVNDOXIBooXOYNzvzpD1
29,BANCO BANESTES S.A.,NULL,$BEES4,92,I,5,BEES4,NULL,1,BRBEESACNPR6,zlNDOXIBooXOYNzvz5At
30,BANCO BANRISUL S.A.,NULL,$BRSR5,92,I,5,BRSR5,NULL,1,BRBRSRACNPA6,8VNKOXIBooXOYNzv3LpQ
31,BANCO BANRISUL S.A.,NULL,$BRSR6,92,I,5,BRSR6,NULL,1,BRBRSRACNPB4,8lNKOXIBooXOYNzv3LqV
32,BANCO BANRISUL S.A.,NULL,$BRSR3,92,I,5,BRSR3,NULL,1,BRBRSRACNOR3,8FNKOXIBooXOYNzv3LoY
33,BANCO BRADESCO S.A.,NULL,$BBDC4,92,I,5,BBDC4,NULL,1,BRBBDCACNPR8,11NAOXIBooXOYNzvInqK
34,BANCO BRADESCO S.A.,NULL,$BBDC3,92,I,5,BBDC3,NULL,1,BRBBDCACNOR1,1lNAOXIBooXOYNzvInpS
35,BANCO BTG PACTUAL S.A.,NULL,$BPAC3,92,I,5,BPAC3,NULL,1,BRBPACACNOR7,WlNFOXIBooXOYNzvu5zy
36,BANCO BTG PACTUAL S.A.,NULL,$BPAC5,92,I,5,BPAC5,NULL,1,BRBPACACNPA0,W1NFOXIBooXOYNzvvJwr
37,BANCO BTG PACTUAL S.A.,NULL,$BPAC11,92,I,5,BPAC11,NULL,1,BRBPACUNT006,WVNFOXIBooXOYNzvu5y-
38,BANCO DA AMAZÔNIA S.A.,NULL,$BAZA3,92,I,5,BAZA3,NULL,1,BRBAZAACNOR0,wlM-OXIBooXOYNzvGm79
39,BANCO DO BRASIL S.A.,NULL,$BBAS3,92,I,5,BBAS3,NULL,1,BRBBASACNOR3,x1M-OXIBooXOYNzvG24K
40,BANCO DO BRASIL S.A.,NULL,$BBAS11,92,I,5,BBAS11,NULL,1,BRBBASA04OR8,wVM-OXIBooXOYNzvGm79
41,BANCO DO BRASIL S.A.,NULL,$BBAS12,92,I,5,BBAS12,NULL,1,BRBBASA05OR5,wFM-OXIBooXOYNzvGm79
42,BANCO INDUSVAL S.A.,NULL,$IDVL4,92,I,5,IDVL4,NULL,1,BRIDVLACNPR2,RlRkOXIBooXOYNzvnk7l
43,BANCO INDUSVAL S.A.,NULL,$IDVL3,92,I,5,IDVL3,NULL,1,BRIDVLACNOR5,RVRkOXIBooXOYNzvnk6v
44,BANCO MERCANTIL BRASIL S.A.,NULL,$BMEB4,92,I,5,BMEB4,NULL,1,BRBMEBACNPR5,HFNEOXIBooXOYNzvA5Jd
45,BANCO MERCANTIL BRASIL S.A.,NULL,$BMEB3,92,I,5,BMEB3,NULL,1,BRBMEBACNOR8,G1NEOXIBooXOYNzvA5It
46,BANCO PAN S.A.,NULL,$BPAN4,92,I,5,BPAN4,NULL,1,BRBPANACNPR1,TFNGOXIBooXOYNzvO5-N
47,BANCO PINE S.A.,NULL,$PINE3,92,I,5,PINE3,NULL,1,BRPINEACNOR1,e1R5OXIBooXOYNzvJ8W3
48,BANCO PINE S.A.,NULL,$PINE4,92,I,5,PINE4,NULL,1,BRPINEACNPR8,fFR5OXIBooXOYNzvJ8W5
49,BANCO SANTANDER BRASIL S.A.,NULL,$SANB11,92,I,5,SANB11,NULL,1,BRSANBCDAM13,-lR-OXIBooXOYNzvr-Sa
50,BANCO SANTANDER BRASIL S.A.,NULL,$SANB3,92,I,5,SANB3,NULL,1,BRSANBACNOR8,-1R-OXIBooXOYNzvr-TT
51,BANCO SANTANDER BRASIL S.A.,NULL,$SANB4,92,I,5,SANB4,NULL,1,BRSANBACNPR5,_FR-OXIBooXOYNzvsOQH
52,BARDELLA S.A. INDS MECANICAS,NULL,$BDLL3,92,I,5,BDLL3,NULL,1,BRBDLLACNOR1,vVNDOXIBooXOYNzvn49E
53,BARDELLA S.A. INDS MECANICAS,NULL,$BDLL4,92,I,5,BDLL4,NULL,1,BRBDLLACNPR8,vlNDOXIBooXOYNzvn497
54,BATTISTELLA S.A.,NULL,$BTTL3,92,I,5,BTTL3,NULL,1,BRBTTLACNOR0,rVNLOXIBooXOYNzvy8CV
55,BATTISTELLA S.A.,NULL,$BTTL4,92,I,5,BTTL4,NULL,1,NULL,qVNLOXIBooXOYNzvy8CV
56,BAUMER S.A.,NULL,$BALM4,92,I,5,BALM4,NULL,1,BRBALMACNPR2,oVM-OXIBooXOYNzvE24o
57,BAUMER S.A.,NULL,$BALM3,92,I,5,BALM3,NULL,1,BRBALMACNOR5,oFM-OXIBooXOYNzvEm7w
58,BB SEGURIDADE S.A.,NULL,$BBSE3,92,I,5,BBSE3,NULL,1,BRBBSEACNOR5,1lNCOXIBooXOYNzvyopq
59,BICICLETAS MONARK S.A.,NULL,$BMKS3,92,I,5,BMKS3,NULL,1,BRBMKSACNOR9,J1NEOXIBooXOYNzvBZJ0
60,BIOSEV S.A.,NULL,$BSEV3,92,I,5,BSEV3,NULL,1,BRBSEVACNOR3,D1NLOXIBooXOYNzvNL0Q
61,BOMBRIL S.A.,NULL,$BOBR3,92,I,5,BOBR3,NULL,1,BRBOBRACNOR6,WlNEOXIBooXOYNzvEJIV
62,BOMBRIL S.A.,NULL,$BOBR4,92,I,5,BOBR4,NULL,1,BRBOBRACNPR3,W1NEOXIBooXOYNzvEJJK
63,BR INSURANCE S.A.,NULL,$BRIN3,92,I,5,BRIN3,NULL,1,NULL,21NJOXIBooXOYNzvAK_Q
64,BR MALLS PARTICIPAÇOES S.A.,NULL,$BRML3,92,I,5,BRML3,NULL,1,BRBRMLACNOR9,SlNKOXIBooXOYNzvFLaz
65,BR PROPERTIES S.A.,NULL,$BRPR3,92,I,5,BRPR3,NULL,1,BRBRPRACNOR9,7VNKOXIBooXOYNzv27p8
66,BRADESPAR S.A.,NULL,$BRAP3,92,I,5,BRAP3,NULL,1,BRBRAPACNOR5,eFNGOXIBooXOYNzvQ5_M
67,BRADESPAR S.A.,NULL,$BRAP4,92,I,5,BRAP4,NULL,1,BRBRAPACNPR2,eVNGOXIBooXOYNzvQ5_4
68,BRASIL BROKERS S.A.,NULL,$BBRK3,92,I,5,BBRK3,NULL,1,BRBBRKACNOR4,01NCOXIBooXOYNzvyYrH
69,BRASIL PHARMA S.A.,NULL,$BPHA3,92,I,5,BPHA3,NULL,1,BRBPHAACNOR6,UVNGOXIBooXOYNzvPZ8s
70,BRASILAGRO S.A.,NULL,$AGRO3,92,I,5,AGRO3,NULL,1,BRAGROACNOR7,V1M7OXIBooXOYNzvAVzF
71,BRASKEM S.A.,NULL,$BRKM6,92,I,5,BRKM6,NULL,1,BRBRKMACNPB2,41NJOXIBooXOYNzvAq8-
72,BRASKEM S.A.,NULL,$BRKM3,92,I,5,BRKM3,NULL,1,BRBRKMACNOR1,4VNJOXIBooXOYNzvAa_V
73,BRASKEM S.A.,NULL,$BRKM5,92,I,5,BRKM5,NULL,1,BRBRKMACNPA4,4lNJOXIBooXOYNzvAq8N
74,BRB - BANCO DE BRASILIA S.A.,NULL,$BSLI4,92,I,5,BSLI4,NULL,1,BRBSLIACNPR2,IVNLOXIBooXOYNzvNb30
75,BRB - BANCO DE BRASILIA S.A.,NULL,$BSLI3,92,I,5,BSLI3,NULL,1,BRBSLIACNOR5,IFNLOXIBooXOYNzvNb3B
76,BRF S.A.,NULL,$BRFS3,92,I,5,BRFS3,NULL,1,BRBRFSACNOR8,cVNHOXIBooXOYNzvxaju
77,BRINQUEDOS ESTRELA S.A.,NULL,$ESTR3,92,I,5,ESTR3,NULL,1,BRESTRACNOR3,yVRcOXIBooXOYNzveh_H
78,BRINQUEDOS ESTRELA S.A.,NULL,$ESTR4,92,I,5,ESTR4,NULL,1,BRESTRACNPR0,ylRcOXIBooXOYNzveh_7
79,CAMBUCI S.A.,NULL,$CAMB3,92,I,5,CAMB3,NULL,1,BRCAMBACNOR4,HVNLOXIBooXOYNzv48En
80,CAMBUCI S.A.,NULL,$CAMB4,92,I,5,CAMB4,NULL,1,BRCAMBACNPR1,HlNLOXIBooXOYNzv48FU
81,CAMIL ALIMENTOS S.A.,NULL,$CAML3,92,I,5,CAML3,NULL,1,BRCAMLACNOR3,IlNLOXIBooXOYNzv5cFn
82,CASAN S.A.,NULL,$CASN3,92,I,5,CASN3,NULL,1,BRCASNACNOR6,Q1NLOXIBooXOYNzv68Fn
83,CASAN S.A.,NULL,$CASN4,92,I,5,CASN4,NULL,1,BRCASNACNPR3,RFNLOXIBooXOYNzv68Gf
84,CCR S.A.,NULL,$CCRO3,92,I,5,CCRO3,NULL,1,BRCCROACNOR2,1FNMOXIBooXOYNzvAsHN
85,CCX CARVÃO DA COLÔMBIA S.A.,NULL,$CCXC3,92,I,5,CCXC3,NULL,1,BRCCXCACNOR5,qFNMOXIBooXOYNzvrsVo
86,CEDRO TEXTIL S.A.,NULL,$CEDO3,92,I,5,CEDO3,NULL,1,BRCEDOACNOR8,91NMOXIBooXOYNzvtsXZ
87,CEDRO TEXTIL S.A.,NULL,$CEDO4,92,I,5,CEDO4,NULL,1,BRCEDOACNPR5,-FNMOXIBooXOYNzvt8UO
88,CEEE DISTRIBUIÇÃO S.A.,NULL,$CEED4,92,I,5,CEED4,NULL,1,BRCEEDACNPR6,AFNMOXIBooXOYNzvuMaY
89,CEEE DISTRIBUIÇÃO S.A.,NULL,$CEED3,92,I,5,CEED3,NULL,1,BRCEEDACNOR9,_1NMOXIBooXOYNzvuMVe
90,CEEE GT S.A.,NULL,$EEEL4,92,I,5,EEEL4,NULL,1,BREEELACNPR5,2lNWOXIBooXOYNzvgv0k
91,CEEE GT S.A.,NULL,$EEEL3,92,I,5,EEEL3,NULL,1,BREEELACNOR8,2VNWOXIBooXOYNzvgf3t
92,CELESC S.A.,NULL,$CLSC3,92,I,5,CLSC3,NULL,1,BRCLSCACNOR6,D1NOOXIBooXOYNzvJM71
93,CELESC S.A.,NULL,$CLSC4,92,I,5,CLSC4,NULL,1,BRCLSCACNPR3,EFNOOXIBooXOYNzvJc4q
94,CELULOSE IRANI S.A.,NULL,$RANI3,92,I,5,RANI3,NULL,1,BRRANIACNOR5,o1R8OXIBooXOYNzv4Nrf
95,CELULOSE IRANI S.A.,NULL,$RANI4,92,I,5,RANI4,NULL,1,BRRANIACNPR2,pFR8OXIBooXOYNzv4Nrf
96,CEMIG - CIA. ENERGÉTICA DE MG ,NULL,$CMIG3,92,I,5,CMIG3,NULL,1,BRCMIGACNOR6,MFNOOXIBooXOYNzvLM4u
97,CEMIG - CIA. ENERGÉTICA DE MG ,NULL,$CMIG4,92,I,5,CMIG4,NULL,1,BRCMIGACNPR3,MVNOOXIBooXOYNzvLM5l
98,CENTRAIS ELÉTRICAS DO PARÁ,NULL,$CELP6,92,I,5,CELP6,NULL,1,BRCELPACNPB9,EVNMOXIBooXOYNzvvMZp
99,CENTRAIS ELÉTRICAS DO PARÁ,NULL,$CELP3,92,I,5,CELP3,NULL,1,BRCELPACNOR8,D1NMOXIBooXOYNzvu8b1
100,CENTRAIS ELÉTRICAS DO PARÁ,NULL,$CELP7,92,I,5,CELP7,NULL,1,BRCELPACNPC7,ElNMOXIBooXOYNzvvMaj
101,CENTRAIS ELÉTRICAS DO PARÁ,NULL,$CELP5,92,I,5,CELP5,NULL,1,BRCELPACNPA1,EFNMOXIBooXOYNzvvMYu
102,CIA. BRASILEIRA DE DISTRIBUIÇÃO,NULL,$PCAR4,92,I,5,PCAR4,NULL,1,BRPCARACNPR0,0VR0OXIBooXOYNzvG6jv
103,CIA. BRASILEIRA DE DISTRIBUIÇÃO,NULL,$PCAR3,92,I,5,PCAR3,NULL,1,BRPCARACNOR3,0FR0OXIBooXOYNzvG6ij
104,CIA. BRASILIANA DE ENERGIA,NULL,$TIET3,92,I,5,TIET3,NULL,1,BRTIETACNOR0,VlWFOXIBooXOYNzvwA2P
105,CIA. BRASILIANA DE ENERGIA,NULL,$TIET4,92,I,5,TIET4,NULL,1,BRTIETACNPR7,V1WFOXIBooXOYNzvwA3P
106,CIA. BRASILIANA DE ENERGIA,NULL,$TIET11,92,I,5,TIET11,NULL,1,BRTIETCDAM15,U1WFOXIBooXOYNzvvw3p
107,CIA. CELG DE PART. S.A.,NULL,$GPAR3,92,I,5,GPAR3,NULL,1,BRGPARACNOR4,DFRhOXIBooXOYNzvHDqY
108,CIA. DE GÁS DO RIO DE JANEIRO,NULL,$CEGR3,92,I,5,CEGR3,NULL,1,BRCEGRACNOR4,BVNMOXIBooXOYNzvuca1
109,CIA. DE PART. ALIANÇA DA BAHIA,NULL,$PEAB3,92,I,5,PEAB3,NULL,1,BRPEABACNOR3,nFR1OXIBooXOYNzvTK_Z
110,CIA. DE PART. ALIANÇA DA BAHIA,NULL,$PEAB4,92,I,5,PEAB4,NULL,1,BRPEABACNPR0,nVR1OXIBooXOYNzvTa8X
111,CIA. ENERGÉTICA DE BRASÍLIA,NULL,$CEBR5,92,I,5,CEBR5,NULL,1,BRCEBRACNPA8,8lNMOXIBooXOYNzvtcXS
112,CIA. ENERGÉTICA DE BRASÍLIA,NULL,$CEBR6,92,I,5,CEBR6,NULL,1,BRCEBRACNPB6,81NMOXIBooXOYNzvtcX_
113,CIA. ENERGÉTICA DE BRASÍLIA,NULL,$CEBR3,92,I,5,CEBR3,NULL,1,BRCEBRACNOR5,61NMOXIBooXOYNzvtcWs
114,CIA. ENERGÉTICA DE PERNAMBUCO,NULL,$CEPE6,92,I,5,CEPE6,NULL,1,BRCEPEACNPB4,IFNMOXIBooXOYNzvwMZs
115,CIA. ENERGÉTICA DE PERNAMBUCO,NULL,$CEPE3,92,I,5,CEPE3,NULL,1,BRCEPEACNOR3,H1NMOXIBooXOYNzvwMZr
116,CIA. ENERGÉTICA DE PERNAMBUCO,NULL,$CEPE5,92,I,5,CEPE5,NULL,1,BRCEPEACNPA6,IlNMOXIBooXOYNzvwMZs
117,CIA. ENERGÉTICA DE SP.,NULL,$CESP3,92,I,5,CESP3,NULL,1,BRCESPACNOR3,KVNMOXIBooXOYNzvwca6
118,CIA. ENERGÉTICA DE SP.,NULL,$CESP5,92,I,5,CESP5,NULL,1,BRCESPACNPA6,KlNMOXIBooXOYNzvwcbz
119,CIA. ENERGÉTICA DE SP.,NULL,$CESP6,92,I,5,CESP6,NULL,1,BRCESPACNPB4,K1NMOXIBooXOYNzvwsYl
120,CIA. ENERGÉTICA DO CEARÁ,NULL,$COCE3,92,I,5,COCE3,NULL,1,BRCOCEACNOR0,vlNOOXIBooXOYNzv-tI-
121,CIA. ENERGÉTICA DO CEARÁ,NULL,$COCE5,92,I,5,COCE5,NULL,1,BRCOCEACNPA3,v1NOOXIBooXOYNzv-tJ1
122,CIA. ENERGÉTICA DO CEARÁ,NULL,$COCE6,92,I,5,COCE6,NULL,1,BRCOCEACNPB1,wFNOOXIBooXOYNzv-tKt
123,CIA. ENERGÉTICA DO MARANHÃO,NULL,$ENMA6B,92,I,5,ENMA6B,NULL,1,BRENMAACNPB6,WVRbOXIBooXOYNzvLhiM
124,CIA. ENERGÉTICA DO MARANHÃO,NULL,$ENMA3B,92,I,5,ENMA3B,NULL,1,BRENMAACNOR5,V1RbOXIBooXOYNzvLhgh
125,CIA. ENERGÉTICA DO MARANHÃO,NULL,$ENMA5B,92,I,5,ENMA5B,NULL,1,BRENMAACNPA8,WFRbOXIBooXOYNzvLhhX
126,CIA. ENERGÉTICA DO RN S.A.,NULL,$CSRN5,92,I,5,CSRN5,NULL,1,BRCSRNACNPA3,UVNTOXIBooXOYNzvbuw_
127,CIA. ENERGÉTICA DO RN S.A.,NULL,$CSRN6,92,I,5,CSRN6,NULL,1,BRCSRNACNPB1,UlNTOXIBooXOYNzvbuyL
128,CIA. ENERGÉTICA DO RN S.A.,NULL,$CSRN3,92,I,5,CSRN3,NULL,1,BRCSRNACNOR0,UFNTOXIBooXOYNzvbuwJ
129,CIA. FERRO LIGAS BAHIA FERBASA,NULL,$FESA4,92,I,5,FESA4,NULL,1,BRFESAACNPR5,FlRdOXIBooXOYNzvDCPD
130,CIA. FERRO LIGAS BAHIA FERBASA,NULL,$FESA3,92,I,5,FESA3,NULL,1,BRFESAACNOR8,FVRdOXIBooXOYNzvDCOF
131,CIA. HABITASUL DE PART. S.A.,NULL,$HBTS5,92,I,5,HBTS5,NULL,1,BRHBTSACNPA3,EVRhOXIBooXOYNzvnT1X
132,CIA. HABITASUL DE PART. S.A.,NULL,$HBTS6,92,I,5,HBTS6,NULL,1,BRHBTSACNPB1,ElRhOXIBooXOYNzvnT2N
133,CIA. HABITASUL DE PART. S.A.,NULL,$HBTS3,92,I,5,HBTS3,NULL,1,BRHBTSACNOR0,EFRhOXIBooXOYNzvnT0f
134,CIA. HERING,NULL,$HGTX3,92,I,5,HGTX3,NULL,1,BRHGTXACNOR9,fVRhOXIBooXOYNzvtT0P
135,CIA. MELHORAMENTOS S.A.,NULL,$MSPA3,92,I,5,MSPA3,NULL,1,BRMSPAACNOR0,6lRwOXIBooXOYNzv-pZr
136,CIA. MELHORAMENTOS S.A.,NULL,$MSPA4,92,I,5,MSPA4,NULL,1,BRMSPAACNPR7,61RwOXIBooXOYNzv-pah
137,CIA. PARANAENSE DE ENERGIA,NULL,$CPLE6,92,I,5,CPLE6,NULL,1,BRCPLEACNPB9,cFNPOXIBooXOYNzv9di6
138,CIA. PARANAENSE DE ENERGIA,NULL,$CPLE3,92,I,5,CPLE3,NULL,1,BRCPLEACNOR8,blNPOXIBooXOYNzv9dhH
139,CIA. PARANAENSE DE ENERGIA,NULL,$CPLE5,92,I,5,CPLE5,NULL,1,BRCPLEACNPA1,b1NPOXIBooXOYNzv9dh_
140,CIA. SEGUROS ALIANÇA BAHIA,NULL,$CSAB3,92,I,5,CSAB3,NULL,1,BRCSABACNOR1,0lNROXIBooXOYNzvQ99k
141,CIA. SEGUROS ALIANÇA BAHIA,NULL,$CSAB4,92,I,5,CSAB4,NULL,1,BRCSABACNPR8,01NROXIBooXOYNzvQ99k
142,CIA. SIDERURGICA NACIONAL,NULL,$CSNA3,92,I,5,CSNA3,NULL,1,BRCSNAACNOR6,NVNSOXIBooXOYNzvW-Zp
143,CIA. TECIDOS SANTANENSE,NULL,$CTSA4,92,I,5,CTSA4,NULL,1,BRCTSAACNPR0,jVNTOXIBooXOYNzve-w7
144,CIA. TECIDOS SANTANENSE,NULL,$CTSA8,92,I,5,CTSA8,NULL,1,BRCTSAACNPD0,jlNTOXIBooXOYNzve-x3
145,CIA. TECIDOS SANTANENSE,NULL,$CTSA3,92,I,5,CTSA3,NULL,1,BRCTSAACNOR3,jFNTOXIBooXOYNzve-wD
146,CIELO S.A.,NULL,$CIEL3,92,I,5,CIEL3,NULL,1,BRCIELACNOR3,LFNNOXIBooXOYNzvIMhL
147,CONGÁS S.A.,NULL,$CGAS3,92,I,5,CGAS3,NULL,1,BRCGASACNOR0,xVNNOXIBooXOYNzvCcfL
148,CONGÁS S.A.,NULL,$CGAS5,92,I,5,CGAS5,NULL,1,BRCGASACNPA3,wVNNOXIBooXOYNzvCcfH
149,CONSÓRCIO ALFA DE ADM. S.A.,NULL,$BRGE11,92,I,5,BRGE11,NULL,1,BRBRGEACNPE1,0VNIOXIBooXOYNzv_q9-
150,CONSÓRCIO ALFA DE ADM. S.A.,NULL,$BRGE7,92,I,5,BRGE7,NULL,1,BRBRGEACNPC5,1lNIOXIBooXOYNzv_6-V
151,CONSÓRCIO ALFA DE ADM. S.A.,NULL,$BRGE5,92,I,5,BRGE5,NULL,1,BRBRGEACNPA9,1FNIOXIBooXOYNzv_68d
152,CONSÓRCIO ALFA DE ADM. S.A.,NULL,$BRGE12,92,I,5,BRGE12,NULL,1,BRBRGEACNPF8,0lNIOXIBooXOYNzv_q-1
153,CONSÓRCIO ALFA DE ADM. S.A.,NULL,$BRGE8,92,I,5,BRGE8,NULL,1,BRBRGEACNPD3,11NIOXIBooXOYNzv_6-9
154,CONSÓRCIO ALFA DE ADM. S.A.,NULL,$BRGE6,92,I,5,BRGE6,NULL,1,BRBRGEACNPB7,1VNIOXIBooXOYNzv_69S
155,CONSÓRCIO ALFA DE ADM. S.A.,NULL,$BRGE3,92,I,5,BRGE3,NULL,1,BRBRGEACNOR6,01NIOXIBooXOYNzv_q_p
156,CONST. ADOLPHO LINDENBERG,NULL,$CALI3,92,I,5,CALI3,NULL,1,BRCALIACNOR1,F1NLOXIBooXOYNzv4sEz
157,CONST. ADOLPHO LINDENBERG,NULL,$CALI4,92,I,5,CALI4,NULL,1,BRCALIACNPR8,GVNLOXIBooXOYNzv4sEz
158,CONSTRUTORA TENDA S.A.,NULL,$TEND3,92,I,5,TEND3,NULL,1,BRTENDACNOR4,wVWFOXIBooXOYNzvoAxx
159,COPASA S.A.,NULL,$CSMG3,92,I,5,CSMG3,NULL,1,BRCSMGACNOR5,7FNSOXIBooXOYNzvVOWJ
160,COSAN LOGISTICA S.A.,NULL,$RLOG3,92,I,5,RLOG3,NULL,1,BRRLOGACNOR4,4FR-OXIBooXOYNzve-Mp
161,COSAN S.A.,NULL,$CSAN3,92,I,5,CSAN3,NULL,1,BRCSANACNOR6,1FNROXIBooXOYNzvQ99k
162,COTEMINAS S.A.,NULL,$CTNM4,92,I,5,CTNM4,NULL,1,BRCTNMACNPR6,f1NTOXIBooXOYNzveey-
163,COTEMINAS S.A.,NULL,$CTNM3,92,I,5,CTNM3,NULL,1,BRCTNMACNOR9,fVNTOXIBooXOYNzveey-
164,CPFL ENERGIA S.A.,NULL,$CPFE3,92,I,5,CPFE3,NULL,1,BRCPFEACNOR0,tFNPOXIBooXOYNzvptbk
165,CPFL ENERGIAS RENOVAVEIS S.A.,NULL,$CPRE3,92,I,5,CPRE3,NULL,1,BRCPREACNOR5,HVNQOXIBooXOYNzv994U
166,CR2 EMP. IMOBILIÁRIOS S.A.,NULL,$CRDE3,92,I,5,CRDE3,NULL,1,BRCRDEACNOR1,YlNQOXIBooXOYNzv-97p
167,CSU CARDSYSTEM S.A.,NULL,$CARD3,92,I,5,CARD3,NULL,1,BRCARDACNOR9,MVNLOXIBooXOYNzv58F6
168,CTEEP S.A.,NULL,$TRPL3,92,I,5,TRPL3,NULL,1,BRTRPLACNOR4,AFWGOXIBooXOYNzv6RTX
169,CTEEP S.A.,NULL,$TRPL4,92,I,5,TRPL4,NULL,1,BRTRPLACNPR1,AlWGOXIBooXOYNzv6hQU
170,CVC BRASIL S.A.,NULL,$CVCB3,92,I,5,CVCB3,NULL,1,BRCVCBACNOR1,tlNTOXIBooXOYNzvg-z1
171,CYRELA BRAZIL REALTY S.A.,NULL,$CYRE3,92,I,5,CYRE3,NULL,1,BRCYREACNOR7,qlNUOXIBooXOYNzvMfBh
172,CYRELA COMM. PROP. S.A.,NULL,$CCPR3,92,I,5,CCPR3,NULL,1,BRCCPRACNOR9,0FNMOXIBooXOYNzvAsHM
173,DIAGNÓSTICOS DA AMÉRICA,NULL,$DASA3,92,I,5,DASA3,NULL,1,BRDASAACNOR1,61NVOXIBooXOYNzvHfW0
174,DIMED DISTRIBUIDORA S.A.,NULL,$PNVL4,92,I,5,PNVL4,NULL,1,BRPNVLACNPR6,-FR5OXIBooXOYNzvP8Ug
175,DIMED DISTRIBUIDORA S.A.,NULL,$PNVL3,92,I,5,PNVL3,NULL,1,BRPNVLACNOR9,91R5OXIBooXOYNzvPsXp
176,DIRECIONAL ENGENHARIA S.A.,NULL,$DIRR3,92,I,5,DIRR3,NULL,1,BRDIRRACNOR0,1lNVOXIBooXOYNzvSPY5
177,DOHLER S.A.,NULL,$DOHL4,92,I,5,DOHL4,NULL,1,BRDOHLACNPR9,mlNVOXIBooXOYNzvlvgl
178,DOHLER S.A.,NULL,$DOHL3,92,I,5,DOHL3,NULL,1,BRDOHLACNOR2,mVNVOXIBooXOYNzvlfjm
179,DTCOM - DIRECT TO CO. S.A.,NULL,$DTCY4,92,I,5,DTCY4,NULL,1,BRDTCYACNPR2,_1NVOXIBooXOYNzvrfhi
180,DTCOM - DIRECT TO CO. S.A.,NULL,$DTCY3,92,I,5,DTCY3,NULL,1,BRDTCYACNOR5,_lNVOXIBooXOYNzvq_iG
181,DUKE ENERGY PARANAPANEMA,NULL,$GEPA3,92,I,5,GEPA3,NULL,1,BRGEPAACNOR2,QVRdOXIBooXOYNzv9Ch2
182,DUKE ENERGY PARANAPANEMA,NULL,$GEPA4,92,I,5,GEPA4,NULL,1,BRGEPAACNPR9,QlRdOXIBooXOYNzv9Ciy
183,DURATEX S.A.,NULL,$DTEX3,92,I,5,DTEX3,NULL,1,BRDTEXACNOR3,BlNVOXIBooXOYNzvrflj
184,ECORODOVIAS S.A.,NULL,$ECOR3,92,I,5,ECOR3,NULL,1,BRECORACNOR8,-FNVOXIBooXOYNzv2vlK
185,EDP ENERGIAS DO BRASIL S.A.,NULL,$ENBR3,92,I,5,ENBR3,NULL,1,BRENBRACNOR2,01RaOXIBooXOYNzvBhEa
186,ELECTRO AÇO ALTONA S.A.,NULL,$EALT3,92,I,5,EALT3,NULL,1,BREALTACNOR4,vFNVOXIBooXOYNzvzPkc
187,ELECTRO AÇO ALTONA S.A.,NULL,$EALT4,92,I,5,EALT4,NULL,1,BREALTACNPR1,vVNVOXIBooXOYNzvzPmr
188,ELEKEIROZ S.A.,NULL,$ELEK4,92,I,5,ELEK4,NULL,1,BRELEKACNPR2,VVRXOXIBooXOYNzvfANL
189,ELEKEIROZ S.A.,NULL,$ELEK3,92,I,5,ELEK3,NULL,1,BRELEKACNOR5,U1RXOXIBooXOYNzvfANL
190,ELEKTRO REDES S.A.,NULL,$EKTR4,92,I,5,EKTR4,NULL,1,BREKTRACNPR7,TlRXOXIBooXOYNzveQPz
191,ELEKTRO REDES S.A.,NULL,$EKTR3,92,I,5,EKTR3,NULL,1,BREKTRACNOR0,TVRXOXIBooXOYNzveQO3
192,ELETROBRAS S.A.,NULL,$ELET3,92,I,5,ELET3,NULL,1,BRELETACNOR6,W1RXOXIBooXOYNzvfAPP
193,ELETROBRAS S.A.,NULL,$ELET5,92,I,5,ELET5,NULL,1,BRELETACNPA9,XFRXOXIBooXOYNzvfQMG
194,ELETROBRAS S.A.,NULL,$ELET6,92,I,5,ELET6,NULL,1,BRELETACNPB7,XVRXOXIBooXOYNzvfQM6
195,ELETROPAR - ELETROBRAS PART.,NULL,$LIPR3,92,I,5,LIPR3,NULL,1,BRLIPRACNOR7,a1RsOXIBooXOYNzvqX7C
196,ELETROPAULO S.A.,NULL,$ELPL3,92,I,5,ELPL3,NULL,1,BRELPLACNOR9,cVRZOXIBooXOYNzvPg3s
197,ELETROPAULO S.A.,NULL,$ELPL4,92,I,5,ELPL4,NULL,1,NULL,clRZOXIBooXOYNzvPw0g
198,EMAE S.A.,NULL,$EMAE4,92,I,5,EMAE4,NULL,1,BREMAEACNPR1,e1RZOXIBooXOYNzvQQ0G
199,EMAE S.A.,NULL,$EMAE3,92,I,5,EMAE3,NULL,1,BREMAEACNOR4,elRZOXIBooXOYNzvQA3g
200,EMBRAER S.A.,NULL,$EMBR3,92,I,5,EMBR3,NULL,1,BREMBRACNOR4,gFRZOXIBooXOYNzvQg1G
201,ENCORPAR S.A.,NULL,$ECPR3,92,I,5,ECPR3,NULL,1,BRECPRACNOR5,uVNWOXIBooXOYNzve_3B
202,ENCORPAR S.A.,NULL,$ECPR4,92,I,5,ECPR4,NULL,1,BRECPRACNPR2,vFNWOXIBooXOYNzve_3C
203,ENERGISA MATO GROSSO S.A.,NULL,$ENMT3,92,I,5,ENMT3,NULL,1,BRENMTACNOR5,XFRbOXIBooXOYNzvLxg2
204,ENERGISA MATO GROSSO S.A.,NULL,$ENMT4,92,I,5,ENMT4,NULL,1,BRENMTACNPR2,XVRbOXIBooXOYNzvLxhq
205,ENERGISA S.A.,NULL,$ENGI11,92,I,5,ENGI11,NULL,1,BRENGICDAM16,8FRaOXIBooXOYNzv6xbA
206,ENERGISA S.A.,NULL,$ENGI12,92,I,5,ENGI12,NULL,1,BRENGIN01M19,8VRaOXIBooXOYNzv6xb-
207,ENERGISA S.A.,NULL,$ENGI3,92,I,5,ENGI3,NULL,1,BRENGIACNOR0,8lRaOXIBooXOYNzv7BY3
208,ENERGISA S.A.,NULL,$ENGI4,92,I,5,ENGI4,NULL,1,BRENGIACNPR7,81RaOXIBooXOYNzv7BZx
209,ENEVA S.A.,NULL,$ENEV3,92,I,5,ENEV3,NULL,1,BRENEVACNOR8,ZlRaOXIBooXOYNzvpxUw
210,EQUATORIAL ENERGIA S.A.,NULL,$EQTL3,92,I,5,EQTL3,NULL,1,BREQTLACNOR0,0lRbOXIBooXOYNzvQBho
211,ESTACIO PARTICIPAÇÕES S.A.,NULL,$ESTC3,92,I,5,ESTC3,NULL,1,BRESTCACNOR5,I1RcOXIBooXOYNzvMB51
212,ETERNIT S.A.,NULL,$ETER3,92,I,5,ETER3,NULL,1,BRETERACNOR3,3lRcOXIBooXOYNzvfx9k
213,EUCATEX S.A.,NULL,$EUCA4,92,I,5,EUCA4,NULL,1,BREUCAACNPR8,_1RcOXIBooXOYNzvhh9g
214,EUCATEX S.A.,NULL,$EUCA3,92,I,5,EUCA3,NULL,1,BREUCAACNOR1,_lRcOXIBooXOYNzvhh8x
215,EVEN S.A.,NULL,$EVEN3,92,I,5,EVEN3,NULL,1,BREVENACNOR8,IVRcOXIBooXOYNzvjSCt
216,EXCELSIOR ALIMENTOS S.A..,NULL,$BAUH3,92,I,5,BAUH3,NULL,1,BRBAUHACNOR6,xlM-OXIBooXOYNzvG24H
217,EXCELSIOR ALIMENTOS S.A..,NULL,$BAUH4,92,I,5,BAUH4,NULL,1,BRBAUHACNPR3,v1M-OXIBooXOYNzvGm79
218,EZ TEC S.A.,NULL,$EZTC3,92,I,5,EZTC3,NULL,1,BREZTCACNOR0,a1RcOXIBooXOYNzvxCEo
219,FERTILIZANTES HERINGER S.A.,NULL,$FHER3,92,I,5,FHER3,NULL,1,BRFHERACNOR5,QlRdOXIBooXOYNzvFiNo
220,FIBAM CIA INDUSTRIAL,NULL,$FBMC3,92,I,5,FBMC3,NULL,1,NULL,kVRcOXIBooXOYNzv-CJL
221,FIBAM CIA INDUSTRIAL,NULL,$FBMC4,92,I,5,FBMC4,NULL,1,NULL,klRcOXIBooXOYNzv-CKH
222,FIBRIA CELULOSE S.A.,NULL,$FIBR3,92,I,5,FIBR3,NULL,1,NULL,TlRdOXIBooXOYNzvGSMN
223,FINANCEIRA ALFA S.A.- C.F.I,NULL,$CRIV3,92,I,5,CRIV3,NULL,1,BRCRIVACNOR4,p1NROXIBooXOYNzvO98U
224,FINANCEIRA ALFA S.A.- C.F.I,NULL,$CRIV4,92,I,5,CRIV4,NULL,1,BRCRIVACNPR1,qVNROXIBooXOYNzvO98U
225,FLEURY S.A.,NULL,$FLRY3,92,I,5,FLRY3,NULL,1,BRFLRYACNOR5,-lRdOXIBooXOYNzvNSNK
226,FORJAS TAURUS S.A.,NULL,$FJTA4,92,I,5,FJTA4,NULL,1,BRFJTAACNPR2,h1RdOXIBooXOYNzvJSON
227,FORJAS TAURUS S.A.,NULL,$FJTA3,92,I,5,FJTA3,NULL,1,BRFJTAACNOR5,hlRdOXIBooXOYNzvJSNT
228,FRAS-LE SA,NULL,$FRAS3,92,I,5,FRAS3,NULL,1,BRFRASACNOR0,qFRdOXIBooXOYNzvsCam
229,GAEC EDUCAÇÃO S.A.,NULL,$ANIM3,92,I,5,ANIM3,NULL,1,BRANIMACNOR6,zFM7OXIBooXOYNzvRl0K
230,GAFISA S.A.,NULL,$GFSA3,92,I,5,GFSA3,NULL,1,BRGFSAACNOR3,UlRdOXIBooXOYNzv-SgC
231,GENERAL SHOPPING S.A.,NULL,$GSHP3,92,I,5,GSHP3,NULL,1,BRGSHPACNOR7,tVRhOXIBooXOYNzvNzpI
232,GERDAU S.A.,NULL,$GGBR4,92,I,5,GGBR4,NULL,1,BRGGBRACNPR8,dlRdOXIBooXOYNzv_yjx
233,GERDAU S.A.,NULL,$GGBR3,92,I,5,GGBR3,NULL,1,BRGGBRACNOR1,dVRdOXIBooXOYNzv_yi3
234,GOL S.A.,NULL,$GOLL4,92,I,5,GOLL4,NULL,1,BRGOLLACNPR4,olRgOXIBooXOYNzvrjdj
235,GPC PARTICIPACOES S.A.,NULL,$GPCP3,92,I,5,GPCP3,NULL,1,BRGPCPACNOR4,EVRhOXIBooXOYNzvHToy
236,GPC PARTICIPACOES S.A.,NULL,$GPCP4,92,I,5,GPCP4,NULL,1,BRGPCPACNPR1,DVRhOXIBooXOYNzvHToy
237,GRADIENTE ELETRONICA S A,NULL,$IGBR3,92,I,5,IGBR3,NULL,1,BRIGBRACNOR7,n1RkOXIBooXOYNzvqU4_
238,GRAZZIOTIN S.A.,NULL,$CGRA4,92,I,5,CGRA4,NULL,1,BRCGRAACNPR9,ylNNOXIBooXOYNzvCse5
239,GRAZZIOTIN S.A.,NULL,$CGRA3,92,I,5,CGRA3,NULL,1,BRCGRAACNOR2,yVNNOXIBooXOYNzvCseI
240,GRENDENE S.A.,NULL,$GRND3,92,I,5,GRND3,NULL,1,BRGRNDACNOR3,OlRhOXIBooXOYNzvJDrK
241,GRUPO ITAUTEC S.A.,NULL,$ITEC3,92,I,5,ITEC3,NULL,1,BRITECACNOR6,FlRlOXIBooXOYNzvv1Ua
242,GUARARAPES S.A.,NULL,$GUAR3,92,I,5,GUAR3,NULL,1,BRGUARACNOR4,51RhOXIBooXOYNzvQzrV
243,GUARARAPES S.A.,NULL,$GUAR4,92,I,5,GUAR4,NULL,1,NULL,7FRhOXIBooXOYNzvRDpp
244,HAGA S.A.,NULL,$HAGA3,92,I,5,HAGA3,NULL,1,BRHAGAACNOR7,G1RhOXIBooXOYNzvTTt7
245,HAGA S.A.,NULL,$HAGA4,92,I,5,HAGA4,NULL,1,BRHAGAACNPR4,RFRhOXIBooXOYNzvTTu4
246,HELBOR S.A.,NULL,$HBOR3,92,I,5,HBOR3,NULL,1,BRHBORACNOR3,3lRhOXIBooXOYNzvmjy1
247,HERCULES S.A.,NULL,$HETA3,92,I,5,HETA3,NULL,1,BRHETAACNOR2,WlRhOXIBooXOYNzvrT1d
248,HERCULES S.A.,NULL,$HETA4,92,I,5,HETA4,NULL,1,BRHETAACNPR9,W1RhOXIBooXOYNzvrT2V
249,HOTEIS OTHON S.A.,NULL,$HOOT3,92,I,5,HOOT3,NULL,1,BRHOOTACNOR2,C1RhOXIBooXOYNzv-T_z
250,HOTEIS OTHON S.A.,NULL,$HOOT4,92,I,5,HOOT4,NULL,1,BRHOOTACNPR9,DFRhOXIBooXOYNzv-j8q
251,HYPERMARCAS S.A.,NULL,$HYPE3,92,I,5,HYPE3,NULL,1,BRHYPEACNOR0,wFRiOXIBooXOYNzvGz84
252,IDEIASNET S.A.,NULL,$IDNT3,92,I,5,IDNT3,NULL,1,BRIDNTACNOR5,OFRkOXIBooXOYNzvnE4-
253,IGUATEMI S.A.,NULL,$IGTA3,92,I,5,IGTA3,NULL,1,BRIGTAACNOR5,vVRkOXIBooXOYNzvr04u
254,INDUSTRIAS J B DUARTE S.A.,NULL,$JBDU4,92,I,5,JBDU4,NULL,1,BRJBDUACNPR3,eFRoOXIBooXOYNzvp2bB
255,INDUSTRIAS J B DUARTE S.A.,NULL,$JBDU3,92,I,5,JBDU3,NULL,1,BRJBDUACNOR6,d1RoOXIBooXOYNzvp2bB
256,INDÚSTRIAS ROMI S.A.,NULL,$ROMI3,92,I,5,ROMI3,NULL,1,BRROMIACNOR8,IVR-OXIBooXOYNzviOT6
257,INEPAR IND. E CONST. S.A.,NULL,$INEP3,92,I,5,INEP3,NULL,1,BRINEPACNOR1,klRkOXIBooXOYNzv_lCU
258,INEPAR IND. E CONST. S.A.,NULL,$INEP4,92,I,5,INEP4,NULL,1,BRINEPACNPR8,k1RkOXIBooXOYNzv_lDL
259,INT. MEAL COMPANY S.A.,NULL,$MEAL3,92,I,5,MEAL3,NULL,1,BRMEALACNOR9,AVRuOXIBooXOYNzvWIjc
260,IOCHPE-MAXION S.A.,NULL,$MYPK12,92,I,5,MYPK12,NULL,1,BRMYPKN02OR9,uFRxOXIBooXOYNzvz5uV
261,IOCHPE-MAXION S.A.,NULL,$MYPK3,92,I,5,MYPK3,NULL,1,BRMYPKACNOR7,uVRxOXIBooXOYNzvz5vR
262,IOCHPE-MAXION S.A.,NULL,$MYPK11,92,I,5,MYPK11,NULL,1,NULL,t1RxOXIBooXOYNzvz5tg
263,ITAÚ UNIBANCO HOLDING S.A.,NULL,$ITUB4,92,I,5,ITUB4,NULL,1,BRITUBACNPR1,lVRmOXIBooXOYNzvqlpt
264,ITAÚ UNIBANCO HOLDING S.A.,NULL,$ITUB3,92,I,5,ITUB3,NULL,1,BRITUBACNOR4,lFRmOXIBooXOYNzvqlo1
265,ITAÚSA INVESTIMENTOS S.A.,NULL,$ITSA4,92,I,5,ITSA4,NULL,1,BRITSAACNPR7,JFRlOXIBooXOYNzvwlUF
266,ITAÚSA INVESTIMENTOS S.A.,NULL,$ITSA3,92,I,5,ITSA3,NULL,1,BRITSAACNOR0,I1RlOXIBooXOYNzvwVXP
267,JBS S.A.,NULL,$JBSS3,92,I,5,JBSS3,NULL,1,BRJBSSACNOR8,glRoOXIBooXOYNzvqma8
268,JHSF PARTICIPAÇÕES S.A.,NULL,$JHSF3,92,I,5,JHSF3,NULL,1,BRJHSFACNOR2,ylRpOXIBooXOYNzvsmyG
269,JOAO FORTES ENGENHARIA S.A.,NULL,$JFEN3,92,I,5,JFEN3,NULL,1,BRJFENACNOR0,hFRpOXIBooXOYNzvrGwr
270,JOSAPAR S.A.,NULL,$JOPA3,92,I,5,JOPA3,NULL,1,BRJOPAACNOR5,EFRpOXIBooXOYNzvwG11
271,JOSAPAR S.A.,NULL,$JOPA4,92,I,5,JOPA4,NULL,1,BRJOPAACNPR2,EVRpOXIBooXOYNzvwG2p
272,JSL S.A.,NULL,$SIMH3,1391,M,5,SIMH3,NULL,1,BRSIMHACNOR0,Q1RpOXIBooXOYNzvym3v
273,KARSTEN S.A.,NULL,$CTKA4,92,I,5,CTKA4,NULL,1,BRCTKAACNPR7,eVNTOXIBooXOYNzveewI
274,KARSTEN S.A.,NULL,$CTKA3,92,I,5,CTKA3,NULL,1,BRCTKAACNOR0,dlNTOXIBooXOYNzvduwt
275,KEPLER WEBER S.A.,NULL,$KEPL3,92,I,5,KEPL3,NULL,1,BRKEPLACNOR1,h1RpOXIBooXOYNzv2G3d
276,KEPLER WEBER S.A.,NULL,$KEPL11,92,I,5,KEPL11,NULL,1,BRKEPLN01M16,hlRpOXIBooXOYNzv2G21
277,KLABIN S.A.,NULL,$KLBN4,92,I,5,KLBN4,NULL,1,BRKLBNACNPR9,31RpOXIBooXOYNzv4m3S
278,KLABIN S.A.,NULL,$KLBN11,92,I,5,KLBN11,NULL,1,BRKLBNCDAM18,3VRpOXIBooXOYNzv4m1m
279,KLABIN S.A.,NULL,$KLBN3,92,I,5,KLBN3,NULL,1,BRKLBNACNOR2,3lRpOXIBooXOYNzv4m2Y
280,KROTON EDUCACIONAL S.A.,NULL,$KROT3,92,I,5,KROT3,NULL,1,BRKROTACNOR9,GVRqOXIBooXOYNzvm3Kw
281,LIGHT S.A.,NULL,$LIGT3,92,I,5,LIGT3,NULL,1,BRLIGTACNOR2,4VRsOXIBooXOYNzvEnqE
282,LINX S.A.,NULL,$LINX3,92,I,5,LINX3,NULL,1,BRLINXACNOR0,SVRsOXIBooXOYNzvdH3w
283,LOCALIZA RENT A CAR S.A.,NULL,$RENT3,92,I,5,RENT3,NULL,1,BRRENTACNOR4,2FR9OXIBooXOYNzvPtwE
284,LOCAMERICA S.A.,NULL,$LCAM3,92,I,5,LCAM3,NULL,1,BRLCAMACNOR3,vVRrOXIBooXOYNzv3nnt
285,LOG-IN LOGÍSTICA S.A.,NULL,$LOGN3,92,I,5,LOGN3,NULL,1,BRLOGNACNOR3,t1RsOXIBooXOYNzvuX7q
286,LOG-IN LOGÍSTICA S.A.,NULL,$LOGN12,92,I,5,LOGN12,NULL,1,BRLOGNN01OR7,tlRsOXIBooXOYNzvuX6w
287,LOJAS AMERICANAS S.A.,NULL,$LAME3,92,I,5,LAME3,NULL,1,BRLAMEACNOR9,nVRrOXIBooXOYNzvBnTJ
288,LOJAS AMERICANAS S.A.,NULL,$LAME4,92,I,5,LAME4,NULL,1,BRLAMEACNPR6,nlRrOXIBooXOYNzvBnT8
289,LOJAS RENNER S.A.,NULL,$LREN3,92,I,5,LREN3,NULL,1,BRLRENACNOR1,BlRsOXIBooXOYNzvwn_s
290,LPS BRASIL S.A.,NULL,$LPSB3,92,I,5,LPSB3,NULL,1,BRLPSBACNOR0,zlRsOXIBooXOYNzvv34k
291,LUPATECH S.A.,NULL,$LUPA3,92,I,5,LUPA3,NULL,1,BRLUPAACNOR8,eVRuOXIBooXOYNzvGIZD
292,M DIAS BRANCO S.A.,NULL,$MDIA3,92,I,5,MDIA3,NULL,1,BRMDIAACNOR7,NFRuOXIBooXOYNzvOIc1
293,MAGAZINE LUIZA S.A,NULL,$MGLU3,92,I,5,MGLU3,NULL,1,BRMGLUACNOR2,TVRuOXIBooXOYNzvaYhx
294,MAGNESITA REFRATARIOS S.A.,NULL,$MAGG3,92,I,5,MAGG3,NULL,1,NULL,0FRuOXIBooXOYNzvIoZj
295,MAHLE METAL LEVE S.A.,NULL,$LEVE3,92,I,5,LEVE3,NULL,1,BRLEVEACNOR2,tlRsOXIBooXOYNzvCXq2
296,MANGELS INDUSTRIAL S.A.,NULL,$MGEL3,92,I,5,MGEL3,NULL,1,BRMGELACNOR6,Q1RuOXIBooXOYNzvZ4hG
297,MANGELS INDUSTRIAL S.A.,NULL,$MGEL4,92,I,5,MGEL4,NULL,1,BRMGELACNPR3,RFRuOXIBooXOYNzvZ4h6
298,MARCOPOLO S.A.,NULL,$POMO3,92,I,5,POMO3,NULL,1,BRPOMOACNOR0,BlR5OXIBooXOYNzvQsYw
299,MARCOPOLO S.A.,NULL,$POMO4,92,I,5,POMO4,NULL,1,BRPOMOACNPR7,CVR5OXIBooXOYNzvQsal
300,MARFRIG GLOBAL FOODS S.A.,NULL,$MRFG3,92,I,5,MRFG3,NULL,1,BRMRFGACNOR0,q1RvOXIBooXOYNzvgo51
301,MARISA LOJAS S.A.,NULL,$AMAR3,92,I,5,AMAR3,NULL,1,BRAMARACNOR4,ZVM7OXIBooXOYNzvMF31
302,MENDES JÚNIOR S.A.,NULL,$MEND5,92,I,5,MEND5,NULL,1,BRMENDACNPA2,DlRuOXIBooXOYNzvW4iw
303,MENDES JÚNIOR S.A.,NULL,$MEND6,92,I,5,MEND6,NULL,1,BRMENDACNPB0,D1RuOXIBooXOYNzvXIgB
304,MENDES JÚNIOR S.A.,NULL,$MEND3,92,I,5,MEND3,NULL,1,BRMENDACNOR9,DVRuOXIBooXOYNzvW4h2
305,MERCANTIL DO BR S.A.,NULL,$MERC3,92,I,5,MERC3,NULL,1,BRMERCACNOR2,E1RuOXIBooXOYNzvXIjL
306,MERCANTIL DO BR S.A.,NULL,$MERC4,92,I,5,MERC4,NULL,1,BRMERCACNPR9,FFRuOXIBooXOYNzvXYgF
307,METALFRIO SOLUTIONS S.A.,NULL,$FRIO3,92,I,5,FRIO3,NULL,1,BRFRIOACNOR2,vFRdOXIBooXOYNzvtCZI
308,METALGRAFICA IGUACU S.A.,NULL,$MTIG3,92,I,5,MTIG3,NULL,1,BRMTIGACNOR0,EFRxOXIBooXOYNzvAJdY
309,METALGRAFICA IGUACU S.A.,NULL,$MTIG4,92,I,5,MTIG4,NULL,1,BRMTIGACNPR7,EVRxOXIBooXOYNzvAJeJ
310,METALURGICA GERDAU S.A.,NULL,$GOAU3,92,I,5,GOAU3,NULL,1,BRGOAUACNOR1,r1RfOXIBooXOYNzvyjJd
311,METALURGICA GERDAU S.A.,NULL,$GOAU4,92,I,5,GOAU4,NULL,1,BRGOAUACNPR8,sFRfOXIBooXOYNzvyjKC
312,METALURGICA RIOSULENSE S.A.,NULL,$RSUL3,92,I,5,RSUL3,NULL,1,BRRSULACNOR6,WFR-OXIBooXOYNzvleQM
313,METALURGICA RIOSULENSE S.A.,NULL,$RSUL4,92,I,5,RSUL4,NULL,1,BRRSULACNPR3,WVR-OXIBooXOYNzvleRM
314,METISA METALÚRGICA S.A.,NULL,$MTSA4,92,I,5,MTSA4,NULL,1,BRMTSAACNPR9,IVRxOXIBooXOYNzvBJcY
315,METISA METALÚRGICA S.A.,NULL,$MTSA3,92,I,5,MTSA3,NULL,1,BRMTSAACNOR2,IFRxOXIBooXOYNzvA5fh
316,MILLS ENGENHARIA S.A.,NULL,$MILS3,92,I,5,MILS3,NULL,1,BRMILSACNOR2,dlRvOXIBooXOYNzvUI1b
317,MINERVA S.A.,NULL,$BEEF3,92,I,5,BEEF3,NULL,1,BRBEEFACNOR6,0VNDOXIBooXOYNzvo49p
318,MINUPAR PARTICIPACOES S.A.,NULL,$MNPR3,92,I,5,MNPR3,NULL,1,BRMNPRACNOR5,AlRvOXIBooXOYNzvZo5i
319,MMX S.A.,NULL,$MMXM3,92,I,5,MMXM3,NULL,1,BRMMXMACNOR2,8FRvOXIBooXOYNzvYo1x
320,MMX S.A.,NULL,$MMXM11,92,I,5,MMXM11,NULL,1,BRMMXMTRV000,71RvOXIBooXOYNzvYo06
321,MONTEIRO ARANHA S.A.,NULL,$MOAR3,92,I,5,MOAR3,NULL,1,BRMOARACNOR5,DVRvOXIBooXOYNzvaI7B
322,MOVIDA PARTICIPAÇÕES S.A.,NULL,$MOVI3,92,I,5,MOVI3,NULL,1,BRMOVIACNOR0,LVRvOXIBooXOYNzvb47q
323,MRV ENGENHARIA S.A.,NULL,$MRVE3,92,I,5,MRVE3,NULL,1,BRMRVEACNOR2,_FRwOXIBooXOYNzvQ5Ib
324,MULTIPLAN S.A.,NULL,$MULT3,92,I,5,MULT3,NULL,1,BRMULTACNOR5,YFRxOXIBooXOYNzvCpcP
325,MULTIPLUS S.A.,NULL,$MPLU3,92,I,5,MPLU3,NULL,1,BRMPLUACNOR3,Z1RvOXIBooXOYNzvfI4v
326,NADIR FIGUEIREDO S.A.,NULL,$NAFG3,92,I,5,NAFG3,NULL,1,BRNAFGACNOR4,wVRxOXIBooXOYNzv_JzW
327,NADIR FIGUEIREDO S.A.,NULL,$NAFG4,92,I,5,NAFG4,NULL,1,BRNAFGACNPR1,wlRxOXIBooXOYNzv_ZxT
328,Natura & Co Holding SA Unsponsored ADR,NULL,$NTCO3,636,I,5,NTCO3,NULL,1,BRNTCOACNOR5,PFRyOXIBooXOYNzv9qIy
329,NORDON IND. METALÚRGICAS,NULL,$NORD3,92,I,5,NORD3,NULL,1,BRNORDACNOR7,7VRyOXIBooXOYNzv5KH6
330,ODONTOPREV S.A.,NULL,$ODPV3,92,I,5,ODPV3,NULL,1,BRODPVACNOR4,RVRzOXIBooXOYNzvq6Yd
331,OI S.A.,NULL,$OIBR3,92,I,5,OIBR3,NULL,1,BROIBRACNOR1,_lRzOXIBooXOYNzvx6a5
332,OI S.A.,NULL,$OIBR4,92,I,5,OIBR4,NULL,1,BROIBRACNPR8,_1RzOXIBooXOYNzvx6bz
333,ÓLEO E GÁS PARTICIPAÇÕES S.A. ,NULL,$OGXP3,92,I,5,OGXP3,NULL,1,NULL,81RzOXIBooXOYNzvxaaM
334,OSX BRASIL S.A. ,NULL,$OSXB3,92,I,5,OSXB3,NULL,1,BROSXBACNOR8,EFRzOXIBooXOYNzv-6gO
335,OURO FINO S.A.,NULL,$OFSA3,92,I,5,OFSA3,NULL,1,BROFSAACNOR7,wlRzOXIBooXOYNzvw6ZU
336,PANATLANTICA S.A.,NULL,$PATI3,92,I,5,PATI3,NULL,1,BRPATIACNOR6,clR0OXIBooXOYNzvEKgP
337,PANATLANTICA S.A.,NULL,$PATI4,92,I,5,PATI4,NULL,1,BRPATIACNPR3,c1R0OXIBooXOYNzvEKg8
338,PARANAPANEMA S.A.,NULL,$PMAM3,92,I,5,PMAM3,NULL,1,BRPMAMACNOR3,wlR5OXIBooXOYNzvNsXV
339,PBG S.A.,NULL,$PTBL3,92,I,5,PTBL3,NULL,1,BRPTBLACNOR8,t1R6OXIBooXOYNzvEsqY
340,PDG REALTY S.A.,NULL,$PDGR3,92,I,5,PDGR3,NULL,1,BRPDGRACNOR8,aFR1OXIBooXOYNzvSa_4
341,PETROBRAS S.A.,NULL,$PETR4,92,I,5,PETR4,NULL,1,BRPETRACNPR6,xVR1OXIBooXOYNzvVa_B
342,PETROBRAS S.A.,NULL,$PETR3,92,I,5,PETR3,NULL,1,BRPETRACNOR9,xFR1OXIBooXOYNzvVa-H
343,PETTENATI S.A. IND TEXTIL,NULL,$PTNT4,92,I,5,PTNT4,NULL,1,BRPTNTACNPR3,zFR6OXIBooXOYNzvF8ot
344,PETTENATI S.A. IND TEXTIL,NULL,$PTNT3,92,I,5,PTNT3,NULL,1,BRPTNTACNOR6,y1R6OXIBooXOYNzvFsrz
345,PLASCAR PARTICIPAÇÕES S.A.,NULL,$PLAS3,92,I,5,PLAS3,NULL,1,BRPLASACNOR2,o1R5OXIBooXOYNzvMMUG
346,PORTO SEGURO S.A.,NULL,$PSSA3,92,I,5,PSSA3,NULL,1,BRPSSAACNOR7,rFR5OXIBooXOYNzv4clv
347,PORTO SUDESTE V.M. S.A.,NULL,$PSVM11,92,I,5,PSVM11,NULL,1,BRPSVMTRV004,r1R6OXIBooXOYNzvEMrQ
348,POSITIVO INFORMATICA S.A.,NULL,$POSI3,92,I,5,POSI3,NULL,1,BRPOSIACNOR9,FFR5OXIBooXOYNzvmsgs
349,PROFARMA S.A.,NULL,$PFRM3,92,I,5,PFRM3,NULL,1,BRPFRMACNOR1,_1R5OXIBooXOYNzvFcQ-
350,QGEP PARTICIPAÇÕES S.A.,NULL,$QGEP3,92,I,5,QGEP3,NULL,1,BRQGEPACNOR8,NFR6OXIBooXOYNzvKsvx
351,QUALICORP S.A.,NULL,$QUAL3,92,I,5,QUAL3,NULL,1,BRQUALACNOR6,mlR6OXIBooXOYNzvOMuI
352,RAIA DROGASIL S.A.,NULL,$RADL3,92,I,5,RADL3,NULL,1,BRRADLACNOR0,nVR7OXIBooXOYNzvF9Ce
353,RANDON S.A.,NULL,$RAPT3,92,I,5,RAPT3,NULL,1,BRRAPTACNOR7,plR8OXIBooXOYNzv4do8
354,RANDON S.A.,NULL,$RAPT4,92,I,5,RAPT4,NULL,1,BRRAPTACNPR4,p1R8OXIBooXOYNzv4dpu
355,RECRUSUL S.A.,NULL,$RCSL3,92,I,5,RCSL3,NULL,1,BRRCSLACNOR4,dlR9OXIBooXOYNzvMdxr
356,RECRUSUL S.A.,NULL,$RCSL4,92,I,5,RCSL4,NULL,1,BRRCSLACNPR1,d1R9OXIBooXOYNzvMdyg
357,REFINARIA MANGUINHOS S.A.,NULL,$RPMG3,92,I,5,RPMG3,NULL,1,BRRPMGACNOR9,QFR-OXIBooXOYNzvj-TM
358,RENAR MAÇAS S.A.,NULL,$FRTA3,92,I,5,FRTA3,NULL,1,BRFRTAACNOR8,ylRdOXIBooXOYNzvtyZu
359,RENOVA ENERGIA S.A.,NULL,$RNEW3,92,I,5,RNEW3,NULL,1,BRRNEWACNOR8,_FR-OXIBooXOYNzvgeMt
360,RENOVA ENERGIA S.A.,NULL,$RNEW4,92,I,5,RNEW4,NULL,1,BRRNEWACNPR5,_VR-OXIBooXOYNzvgeNm
361,RENOVA ENERGIA S.A.,NULL,$RNEW11,92,I,5,RNEW11,NULL,1,BRRNEWCDAM15,-1R-OXIBooXOYNzvgOP0
362,RESTOQUE S.A.,NULL,$LLIS3,92,I,5,LLIS3,NULL,1,BRLLISACNOR4,g1RsOXIBooXOYNzvrn7K
363,RODOBENS S.A.,NULL,$RDNI3,92,I,5,RDNI3,NULL,1,BRRDNIACNOR9,hVR9OXIBooXOYNzvNNyI
364,ROSSI RESIDENCIAL S.A.,NULL,$RSID3,92,I,5,RSID3,NULL,1,BRRSIDACNOR8,U1R-OXIBooXOYNzvk-Tt
365,RUMO S.A.,NULL,$RAIL3,92,I,5,RAIL3,NULL,1,BRRAILACNOR9,PFR8OXIBooXOYNzvF9bt
366,SABESP S.A.,NULL,$SBSP3,92,I,5,SBSP3,NULL,1,BRSBSPACNOR5,-FR_OXIBooXOYNzv5-vP
367,SANEPAR S.A.,NULL,$SAPR3,92,I,5,SAPR3,NULL,1,BRSAPRACNOR9,K1R_OXIBooXOYNzvl-rS
368,SANEPAR S.A.,NULL,$SAPR4,92,I,5,SAPR4,NULL,1,BRSAPRACNPR6,LFR_OXIBooXOYNzvmOof
369,SANEPAR S.A.,NULL,$SAPR11,92,I,5,SAPR11,NULL,1,BRSAPRCDAM13,KlR_OXIBooXOYNzvl-qF
370,SANSUY S.A.,NULL,$SNSY6,92,I,5,SNSY6,NULL,1,BRSNSYACNPB3,8VSCOXIBooXOYNzvtfsi
371,SANSUY S.A.,NULL,$SNSY3,92,I,5,SNSY3,NULL,1,BRSNSYACNOR2,71SCOXIBooXOYNzvtPt6
372,SANSUY S.A.,NULL,$SNSY5,92,I,5,SNSY5,NULL,1,BRSNSYACNPA5,8FSCOXIBooXOYNzvtPuz
373,SANTOS BRASIL S.A.,NULL,$STBP3,92,I,5,STBP3,NULL,1,BRSTBPACNOR3,SlSCOXIBooXOYNzv7v18
374,SÃO CARLOS EMP. E PART. S.A.,NULL,$SCAR3,92,I,5,SCAR3,NULL,1,BRSCARACNOR7,AVSAOXIBooXOYNzvxvHL
375,SÃO MARTINHO S.A.,NULL,$SMTO3,92,I,5,SMTO3,NULL,1,BRSMTOACNOR3,hFSCOXIBooXOYNzvb_qC
376,SARAIVA S.A.,NULL,$SLED3,92,I,5,SLED3,NULL,1,BRSLEDACNOR0,61SBOXIBooXOYNzvTvM_
377,SARAIVA S.A.,NULL,$SLED4,92,I,5,SLED4,NULL,1,BRSLEDACNPR7,7FSBOXIBooXOYNzvTvN5
378,SCHULZ S.A.,NULL,$SHUL3,92,I,5,SHUL3,NULL,1,BRSHULACNOR7,bVSBOXIBooXOYNzvM_Pc
379,SCHULZ S.A.,NULL,$SHUL4,92,I,5,SHUL4,NULL,1,BRSHULACNPR4,cFSBOXIBooXOYNzvM_Pc
380,SENIOR SOLUTION S.A.,NULL,$SNSL3,92,I,5,SNSL3,NULL,1,NULL,7FSCOXIBooXOYNzvs_vO
381,SER EDUCACIONAL S.A.,NULL,$SEER3,92,I,5,SEER3,NULL,1,BRSEERACNOR5,clSAOXIBooXOYNzv3_EJ
382,SLC AGRICOLA S.A.,NULL,$SLCE3,92,I,5,SLCE3,NULL,1,BRSLCEACNOR2,vVSBOXIBooXOYNzvRPMz
383,SONAE SIERRA BRASIL S.A.,NULL,$SSBR3,92,I,5,SSBR3,NULL,1,BRSSBRACNOR1,GlSCOXIBooXOYNzv4_3y
384,SONDOTÉCNICA S.A.,NULL,$SOND5,92,I,5,SOND5,NULL,1,BRSONDACNPA8,OFSCOXIBooXOYNzvu_z5
385,SONDOTÉCNICA S.A.,NULL,$SOND6,92,I,5,SOND6,NULL,1,BRSONDACNPB6,OVSCOXIBooXOYNzvvPxE
386,SONDOTÉCNICA S.A.,NULL,$SOND3,92,I,5,SOND3,NULL,1,BRSONDACNOR5,N1SCOXIBooXOYNzvu_zP
387,SPRINGER S.A.,NULL,$SPRI5,92,I,5,SPRI5,NULL,1,BRSPRIACNPA5,kFSCOXIBooXOYNzvzvy4
388,SPRINGER S.A.,NULL,$SPRI6,92,I,5,SPRI6,NULL,1,BRSPRIACNPB3,kVSCOXIBooXOYNzvz_wC
389,SPRINGER S.A.,NULL,$SPRI3,92,I,5,SPRI3,NULL,1,BRSPRIACNOR2,j1SCOXIBooXOYNzvzvx-
390,SPRINGS S.A.,NULL,$SGPS3,92,I,5,SGPS3,NULL,1,BRSGPSACNOR4,JFSBOXIBooXOYNzvK_OJ
391,SUL AMERICA S.A.,NULL,$SULA3,92,I,5,SULA3,NULL,1,BRSULAACNOR2,mFSDOXIBooXOYNzvLf6W
392,SUL AMERICA S.A.,NULL,$SULA4,92,I,5,SULA4,NULL,1,BRSULAACNPR9,wVSDOXIBooXOYNzvLf7S
393,SUL AMERICA S.A.,NULL,$SULA11,92,I,5,SULA11,NULL,1,BRSULACDAM12,l1SDOXIBooXOYNzvLf5c
394,SUZANO PAPEL E CELULOSE S.A.,NULL,$SUZB3,92,I,5,SUZB3,NULL,1,BRSUZBACNOR0,GFWDOXIBooXOYNzvbAAj
395,T4F ENTRETENIMENTO S.A.,NULL,$SHOW3,92,I,5,SHOW3,NULL,1,BRSHOWACNOR7,aVSBOXIBooXOYNzvM_Pc
396,TAESA S.A.,NULL,$TAEE4,92,I,5,TAEE4,NULL,1,BRTAEEACNPR6,51WEOXIBooXOYNzvygfk
397,TAESA S.A.,NULL,$TAEE11,92,I,5,TAEE11,NULL,1,BRTAEECDAM10,5VWEOXIBooXOYNzvygd3
398,TAESA S.A.,NULL,$TAEE3,92,I,5,TAEE3,NULL,1,BRTAEEACNOR9,5lWEOXIBooXOYNzvygeq
399,TARPON INVEST. S.A.,NULL,$TRPN3,92,I,5,TRPN3,NULL,1,BRTRPNACNOR0,-1WHOXIBooXOYNzvFBTu
400,TEC TOY S.A.,NULL,$TOYB13,92,I,5,TOYB13,NULL,1,BRTOYBN01M16,vlWGOXIBooXOYNzv2xO0
401,TEC TOY S.A.,NULL,$TOYB3,92,I,5,TOYB3,NULL,1,BRTOYBACNOR4,v1WGOXIBooXOYNzv2xPt
402,TEC TOY S.A.,NULL,$TOYB4,92,I,5,TOYB4,NULL,1,BRTOYBACNPR1,wFWGOXIBooXOYNzv3BMn
403,TECHNOS S.A.,NULL,$TECN3,92,I,5,TECN3,NULL,1,BRTECNACNOR6,h1WFOXIBooXOYNzvnAyp
404,TECNIS.A. S.A.,NULL,$TCSA3,92,I,5,TCSA3,NULL,1,BRTCSAACNOR3,ZlWFOXIBooXOYNzvlQyQ
405,TECNOSOLO S.A. ,NULL,$TCNO3,92,I,5,TCNO3,NULL,1,BRTCNOACNOR5,V1WFOXIBooXOYNzvkgxC
406,TECNOSOLO S.A. ,NULL,$TCNO4,92,I,5,TCNO4,NULL,1,BRTCNOACNPR2,WFWFOXIBooXOYNzvkgx7
407,TEGMA GESTÃO LOG. S.A.,NULL,$TGMA3,92,I,5,TGMA3,NULL,1,BRTGMAACNOR7,IFWFOXIBooXOYNzvtQ0w
408,TEKA TECELAGEM S.A.,NULL,$TEKA4,92,I,5,TEKA4,NULL,1,BRTEKAACNPR3,j1WFOXIBooXOYNzvngxG
409,TEKA TECELAGEM S.A.,NULL,$TEKA3,92,I,5,TEKA3,NULL,1,BRTEKAACNOR6,jlWFOXIBooXOYNzvngwO
410,TEKNO S.A.,NULL,$TKNO4,92,I,5,TKNO4,NULL,1,BRTKNOACNPR5,wlWGOXIBooXOYNzvhxGk
411,TEKNO S.A.,NULL,$TKNO3,92,I,5,TKNO3,NULL,1,BRTKNOACNOR8,wVWGOXIBooXOYNzvhxFm
412,TELEBRAS S.A.,NULL,$TELB3,92,I,5,TELB3,NULL,1,BRTELBACNOR2,vFWFOXIBooXOYNzvnwxa
413,TELEBRAS S.A.,NULL,$TELB4,92,I,5,TELB4,NULL,1,BRTELBACNPR9,vVWFOXIBooXOYNzvnwyT
414,TELEFÔNICA BRASIL S.A.,NULL,$VIVT3,92,I,5,VIVT3,NULL,1,BRVIVTACNOR0,UlWMOXIBooXOYNzvvDVX
415,TELEFÔNICA BRASIL S.A.,NULL,$VIVT4,92,I,5,VIVT4,NULL,1,BRVIVTACNPR7,U1WMOXIBooXOYNzvvDWG
416,TÊXTIL RENAUXVIEW S.A.,NULL,$TXRX3,92,I,5,TXRX3,NULL,1,BRTXRXACNOR3,m1WHOXIBooXOYNzvXRZm
417,TÊXTIL RENAUXVIEW S.A.,NULL,$TXRX4,92,I,5,TXRX4,NULL,1,BRTXRXACNPR0,nFWHOXIBooXOYNzvXRaH
418,TIM PARTICIPAÇÕES S.A.,NULL,$TIMS3,1469,M,5,TIMS3,NULL,1,BRTIMPACNOR1,E1WFOXIBooXOYNzv4A6i
419,TOTVS S.A,NULL,$TOTS3,92,I,5,TOTS3,NULL,1,BRTOTSACNOR8,Q1WGOXIBooXOYNzvmhLC
420,TPI - TRIUNFO PART. S.A.,NULL,$TPIS3,92,I,5,TPIS3,NULL,1,BRTPISACNOR8,z1WGOXIBooXOYNzv3xNc
421,TRACTEBEL ENERGIA S.A.,NULL,$EGIE3,92,I,5,EGIE3,NULL,1,BREGIEACNOR9,BVNWOXIBooXOYNzvi_6W
422,TRISUL S.A.,NULL,$TRIS3,92,I,5,TRIS3,NULL,1,BRTRISACNOR4,7FWGOXIBooXOYNzv5ROJ
423,TUPY S.A.,NULL,$TUPY3,92,I,5,TUPY3,NULL,1,BRTUPYACNOR1,dVWHOXIBooXOYNzvJhW2
424,ULTRAPAR PARTICIPAÇÕES S.A.,NULL,$UGPA3,92,I,5,UGPA3,NULL,1,BRUGPAACNOR8,-FWHOXIBooXOYNzvcRaI
425,UNICASA S.A.,NULL,$UCAS3,92,I,5,UCAS3,NULL,1,BRUCASACNOR1,0lWHOXIBooXOYNzvaRZD
426,UNIPAR CARBOCLORO S.A.,NULL,$UNIP6,92,I,5,UNIP6,NULL,1,BRUNIPACNPB8,11WIOXIBooXOYNzvdhyD
427,UNIPAR CARBOCLORO S.A.,NULL,$UNIP3,92,I,5,UNIP3,NULL,1,BRUNIPACNOR7,1VWIOXIBooXOYNzvdhwN
428,UNIPAR CARBOCLORO S.A.,NULL,$UNIP5,92,I,5,UNIP5,NULL,1,BRUNIPACNPA0,1lWIOXIBooXOYNzvdhxH
429,USIMINAS S.A.,NULL,$USIM5,92,I,5,USIM5,NULL,1,BRUSIMACNPA6,VlWIOXIBooXOYNzviR00
430,USIMINAS S.A.,NULL,$USIM6,92,I,5,USIM6,NULL,1,BRUSIMACNPB4,V1WIOXIBooXOYNzviR11
431,USIMINAS S.A.,NULL,$USIM3,92,I,5,USIM3,NULL,1,BRUSIMACNOR3,VVWIOXIBooXOYNzviR0z
432,VALE S.A.,NULL,$VALE3,92,I,5,VALE3,NULL,1,BRVALEACNOR0,1VWJOXIBooXOYNzvsCPJ
433,VALID S.A.,NULL,$VLID3,92,I,5,VLID3,NULL,1,BRVLIDACNOR5,kFWNOXIBooXOYNzvbTnn
434,VIA VAREJO S.A.,NULL,$VVAR3,92,I,5,VVAR3,NULL,1,BRVVARACNOR1,JFWNOXIBooXOYNzvjDpN
435,VIA VAREJO S.A.,NULL,$VVAR4,92,I,5,VVAR4,NULL,1,NULL,JVWNOXIBooXOYNzvjDqC
436,VIA VAREJO S.A.,NULL,$VVAR11,92,I,5,VVAR11,NULL,1,NULL,I1WNOXIBooXOYNzvjDoV
437,VIVER S.A.,NULL,$VIVR3,92,I,5,VIVR3,NULL,1,BRVIVRACNOR4,UVWMOXIBooXOYNzvvDUb
438,VULCABRAS S.A.,NULL,$VULC3,92,I,5,VULC3,NULL,1,BRVULCACNOR2,H1WNOXIBooXOYNzvizo_
439,WEG S.A.,NULL,$WEGE3,92,I,5,WEGE3,NULL,1,BRWEGEACNOR0,EVWOOXIBooXOYNzvhkAK
440,WETZEL S.A.,NULL,$MWET4,92,I,5,MWET4,NULL,1,BRMWETACNPR3,b1RxOXIBooXOYNzvyJtO
441,WETZEL S.A.,NULL,$MWET3,92,I,5,MWET3,NULL,1,BRMWETACNOR6,blRxOXIBooXOYNzvyJsZ
442,WHIRLPOOL S.A,NULL,$WHRL3,92,I,5,WHRL3,NULL,1,BRWHRLACNOR5,hlWPOXIBooXOYNzvbkXV
443,WHIRLPOOL S.A,NULL,$WHRL4,92,I,5,WHRL4,NULL,1,BRWHRLACNPR2,h1WPOXIBooXOYNzvb0UK
521,American Airlines Group Inc.,NULL,$AALL34,92,I,5,AALL34,NULL,1,BRAALLBDR003,TVM5OXIBooXOYNzv2FUp
522,Centro De Imagem Diagnósticos S.A.,NULL,$AALR3,92,I,5,AALR3,NULL,1,BRAALRACNOR6,TlM5OXIBooXOYNzv2FVd
530,Apple Inc.,NULL,$AAPL34,92,I,5,AAPL34,NULL,1,BRAAPLBDR004,VlM5OXIBooXOYNzv2lUD
540,Abbvie Inc.,NULL,$ABBV34,92,I,5,ABBV34,NULL,1,BRABBVBDR001,YFM5OXIBooXOYNzv21Xd
558,Abbott Laboratories,NULL,$ABTT34,92,I,5,ABTT34,NULL,1,BRABTTBDR007,I1M6OXIBooXOYNzv1lsx
586,Accenture Plc,NULL,$ACNB34,92,I,5,ACNB34,NULL,1,BRACNBBDR006,cVM6OXIBooXOYNzv3lsG
608,Hub Cosméticos S.A.,NULL,$ADHM3,92,I,5,ADHM3,NULL,1,BRADHMACNOR9,mlM6OXIBooXOYNzv51t_
722,São Paulo Turismo S. A.,NULL,$AHEB3,92,I,5,AHEB3,NULL,1,BRAHEBACNOR0,aVM7OXIBooXOYNzvBVxP
723,São Paulo Turismo S. A.,NULL,$AHEB5,92,I,5,AHEB5,NULL,1,BRAHEBACNPA3,alM7OXIBooXOYNzvBVyF
724,São Paulo Turismo S. A.,NULL,$AHEB6,92,I,5,AHEB6,NULL,1,BRAHEBACNPB1,a1M7OXIBooXOYNzvBVy4
747,American International Group Inc.,NULL,$AIGB34,92,I,5,AIGB34,NULL,1,BRAIGBBDR007,glM7OXIBooXOYNzvClzf
796,Alef S/A,NULL,$ALEF3B,92,I,5,ALEF3B,NULL,1,BRALEFACNOR3,xVM7OXIBooXOYNzvGFwh
862,Amgen Inc.,NULL,$AMGN34,92,I,5,AMGN34,NULL,1,BRAMGNBDR004,flM7OXIBooXOYNzvNl0W
906,Amazon.Com. Inc,NULL,$AMZO34,92,I,5,AMZO34,NULL,1,BRAMZOBDR002,slM7OXIBooXOYNzvQF2s
913,Agconcessoes,NULL,$ANDG3B,92,I,5,ANDG3B,NULL,1,BRANDGACNOR9,v1M7OXIBooXOYNzvRF35
914,Agconcessoes,NULL,$ANDG4B,92,I,5,ANDG4B,NULL,1,BRANDGACNPR6,vVM7OXIBooXOYNzvRF35
975,Aliperti,NULL,$APTI3,92,I,5,APTI3,NULL,1,BRAPTIACNOR6,M1M7OXIBooXOYNzvUl7X
976,Aliperti,NULL,$APTI4,92,I,5,APTI4,NULL,1,BRAPTIACNPR3,NFM7OXIBooXOYNzvU14J
1031,Arcelor Mittal,NULL,$ARMT34,92,I,5,ARMT34,NULL,1,BRARMTBDR008,f1M7OXIBooXOYNzvYl5z
1035,Arconic Inc.,NULL,$ARNC34,92,I,5,ARNC34,NULL,1,BRARNCBDR002,iFM7OXIBooXOYNzvZF5G
1119,At&T Inc.,NULL,$ATTB34,92,I,5,ATTB34,NULL,1,BRATTBBDR007,blM7OXIBooXOYNzv4WHi
1155,Avon Products. Inc.,NULL,$AVON34,92,I,5,AVON34,NULL,1,BRAVONBDR009,0VM7OXIBooXOYNzv7GHI
1180,American Express Company,NULL,$AXPB34,92,I,5,AXPB34,NULL,1,BRAXPBBDR007,9VM7OXIBooXOYNzv9WGk
1201,Bm&F Bovespa S/A,NULL,$B3SA3,92,I,5,B3SA3,NULL,1,BRB3SAACNOR6,5FM8OXIBooXOYNzvdWQH
1270,Best Buy Co.. Inc.,NULL,$BBYY34,92,I,5,BBYY34,NULL,1,BRBBYYBDR005,elNDOXIBooXOYNzvkY-u
1326,Berkshire Hathaway Inc.,NULL,$BERK34,92,I,5,BERK34,NULL,1,BRBERKBDR002,1lNDOXIBooXOYNzv0JDo
1329,Betapart Participações Sa,NULL,$BETP3B,92,I,5,BETP3B,NULL,1,BRBETPACNOR3,2lNDOXIBooXOYNzv0ZCq
1340,Brazilian Finance & Real Estate S.A.,NULL,$BFRE11,92,I,5,BFRE11,NULL,1,NULL,51NDOXIBooXOYNzv1JAp
1341,Brazilian Finance & Real Estate S.A.,NULL,$BFRE12,92,I,5,BFRE12,NULL,1,NULL,6FNDOXIBooXOYNzv1JBd
1388,BANCO INTER S.A.,NULL,$BIDI10,323,I,5,BIDI10,NULL,1,BRBIDIR03PR1,UVNDOXIBooXOYNzv4ZGH
1389,"Intermedium - Credito, Financiamento E Investimento S.A.",NULL,$BIDI4,92,I,5,BIDI4,NULL,1,BRBIDIACNPR0,VVNDOXIBooXOYNzv4pFv
1394,Biogen Inc.,NULL,$BIIB34,92,I,5,BIIB34,NULL,1,BRBIIBBDR001,alNDOXIBooXOYNzv5pG9
1402,Biomm Sa,NULL,$BIOM3,92,I,5,BIOM3,NULL,1,BRBIOMACNOR2,dlNDOXIBooXOYNzv6ZE9
1440,Blackrock. Inc.,NULL,$BLAK34,92,I,5,BLAK34,NULL,1,BRBLAKBDR003,0VNDOXIBooXOYNzv-5Hf
1471,Banco Mercantil De Investimentos Sa,NULL,$BMIN3,92,I,5,BMIN3,NULL,1,BRBMINACNOR4,JVNEOXIBooXOYNzvBZIJ
1472,Banco Mercantil De Investimentos Sa,NULL,$BMIN4,92,I,5,BMIN4,NULL,1,BRBMINACNPR1,JlNEOXIBooXOYNzvBZI_
1485,Bristol-Myers Squibb Company,NULL,$BMYB34,92,I,5,BMYB34,NULL,1,BRBMYBBDR000,NlNEOXIBooXOYNzvCJKU
1486,Banco Do Nordeste,NULL,$BNBR3,92,I,5,BNBR3,NULL,1,BRBNBRACNOR8,PFNEOXIBooXOYNzvCZLX
1496,Bonaire,NULL,$BNPA3B,92,I,5,BNPA3B,NULL,1,NULL,UFNEOXIBooXOYNzvDpIM
1502,Bank Of America Corporation,NULL,$BOAC34,92,I,5,BOAC34,NULL,1,BRBOACBDR004,WVNEOXIBooXOYNzvD5Lj
1505,The Boeing Company,NULL,$BOEI34,92,I,5,BOEI34,NULL,1,BRBOEIBDR003,X1NEOXIBooXOYNzvE5Jk
1517,The Bank Of New York Mellon Corporation,NULL,$BONY34,92,I,5,BONY34,NULL,1,BRBONYBDR001,ZlNEOXIBooXOYNzvE5Ju
1529,Boston Properties. Inc,NULL,$BOXP34,92,I,5,BOXP34,NULL,1,BRBOXPBDR008,V1NFOXIBooXOYNzvu5xX
1531,Banpará S.A.,NULL,$BPAR3,92,I,5,BPAR3,NULL,1,BRBPARACNOR5,UlNGOXIBooXOYNzvPZ8s
1532,Bco Patagonia S.A.,NULL,$BPAT33,92,I,5,BPAT33,NULL,1,BRBPATBDR005,VFNGOXIBooXOYNzvPZ8t
1558,Petrobras Distribuidora S.A.,NULL,$BRDT3,92,I,5,BRDT3,NULL,1,BRBRDTACNOR1,8lNHOXIBooXOYNzvAqNN
1579,Brq Soluções Em Informática S.A.,NULL,$BRQB3,92,I,5,BRQB3,NULL,1,BRBRQBACNOR1,7lNKOXIBooXOYNzv27qz
1705,Cabinda Participações S.A.,NULL,$CABI3B,92,I,5,CABI3B,NULL,1,BRCABIACNOR2,_1NLOXIBooXOYNzv3MCF
1711,Caconde Participações S.A.,NULL,$CACO3B,92,I,5,CACO3B,NULL,1,BRCACOACNOR8,BFNLOXIBooXOYNzv3cGJ
1735,Cantaros Participações S.A.,NULL,$CANT3B,92,I,5,CANT3B,NULL,1,BRCANTACNOR4,KFNLOXIBooXOYNzv5cGG
1736,Cantaros Participações S.A.,NULL,$CANT4B,92,I,5,CANT4B,NULL,1,BRCANTACNPR1,KlNLOXIBooXOYNzv5cH0
1756,Companhia Industrial Cataguases,NULL,$CATA3,92,I,5,CATA3,NULL,1,BRCATAACNOR1,SFNLOXIBooXOYNzv7MF7
1757,Companhia Industrial Cataguases,NULL,$CATA4,92,I,5,CATA4,NULL,1,BRCATAACNPR8,SVNLOXIBooXOYNzv78Eg
1763,Caterpillar Inc.,NULL,$CATP34,92,I,5,CATP34,NULL,1,BRCATPBDR003,S1NLOXIBooXOYNzv78Eh
1864,Coelba,NULL,$CEEB3,92,I,5,CEEB3,NULL,1,BRCEEBACNOR3,_FNMOXIBooXOYNzvt8W4
1865,Coelba,NULL,$CEEB5,92,I,5,CEEB5,NULL,1,BRCEEBACNPA6,_VNMOXIBooXOYNzvt8Xy
1866,Coelba,NULL,$CEEB6,92,I,5,CEEB6,NULL,1,BRCEEBACNPB4,_lNMOXIBooXOYNzvuMUl
1954,Chesapeake Energy Corporation,NULL,$CHKE34,92,I,5,CHKE34,NULL,1,BRCHKEBDR001,-lNNOXIBooXOYNzvFcdC
1979,Chevron Corporation,NULL,$CHVX34,92,I,5,CHVX34,NULL,1,BRCHVXBDR008,GlNNOXIBooXOYNzvHMh5
2037,Celgene Corporation,NULL,$CLGN34,92,I,5,CLGN34,NULL,1,BRCLGNBDR002,71NOOXIBooXOYNzvHs1F
2082,Comcast Corporation,NULL,$CMCS34,92,I,5,CMCS34,NULL,1,BRCMCSBDR008,I1NOOXIBooXOYNzvKc5N
2109,Cims Sa,NULL,$CMSA3,92,I,5,CMSA3,NULL,1,BRCMSAACNOR8,eVNOOXIBooXOYNzv69I_
2110,Cims Sa,NULL,$CMSA4,92,I,5,CMSA4,NULL,1,BRCMSAACNPR5,elNOOXIBooXOYNzv69Jw
2146,Cinesystem S.A.,NULL,$CNSY3,92,I,5,CNSY3,NULL,1,BRCNSYACNOR6,rVNOOXIBooXOYNzv9tKF
2157,The Coca-Cola Company,NULL,$COCA34,92,I,5,COCA34,NULL,1,BRCOCABDR002,vVNOOXIBooXOYNzv-tIJ
2181,Colgate-Palmolive Company,NULL,$COLG34,92,I,5,COLG34,NULL,1,BRCOLGBDR000,gFNPOXIBooXOYNzvm9av
2193,Conocophillips,NULL,$COPH34,92,I,5,COPH34,NULL,1,BRCOPHBDR009,jlNPOXIBooXOYNzvntaD
2202,Correa Ribeiro Sa Com. Ind.,NULL,$CORR3,92,I,5,CORR3,NULL,1,BRCORRACNOR0,llNPOXIBooXOYNzvoNZD
2203,Correa Ribeiro Sa Com. Ind.,NULL,$CORR4,92,I,5,CORR4,NULL,1,BRCORRACNPR7,l1NPOXIBooXOYNzvoNZ6
2209,Coty. Inc.,NULL,$COTY34,92,I,5,COTY34,NULL,1,BRCOTYBDR006,oVNPOXIBooXOYNzvpdZm
2212,Costco Wholesale Corporation,NULL,$COWC34,92,I,5,COWC34,NULL,1,BRCOWCBDR006,olNPOXIBooXOYNzvpdZm
2246,Capitalpart Participações S.A.,NULL,$CPTP3B,92,I,5,CPTP3B,NULL,1,BRCPTPACNOR7,LFNQOXIBooXOYNzv-d4B
2261,Cremer S.A.,NULL,$CREM3,92,I,5,CREM3,NULL,1,NULL,aFNQOXIBooXOYNzv_d40
2279,Millennium Inorganic Chemicals Do Brasil,NULL,$CRPG3,92,I,5,CRPG3,NULL,1,BRCRPGACNOR0,ulNROXIBooXOYNzvPd_Q
2280,Millennium Inorganic Chemicals Do Brasil,NULL,$CRPG5,92,I,5,CRPG5,NULL,1,BRCRPGACNPA3,u1NROXIBooXOYNzvPd_u
2281,Millennium Inorganic Chemicals Do Brasil,NULL,$CRPG6,92,I,5,CRPG6,NULL,1,BRCRPGACNPB1,vFNROXIBooXOYNzvPt8t
2286,Crt Sa,NULL,$CRTE3B,92,I,5,CRTE3B,NULL,1,BRCRTEACNOR7,yFNROXIBooXOYNzvQd_D
2287,Crt Sa,NULL,$CRTE5B,92,I,5,CRTE5B,NULL,1,BRCRTEACNPA0,zVNROXIBooXOYNzvQd_N
2300,Cisco Systems. Inc.,NULL,$CSCO34,92,I,5,CSCO34,NULL,1,BRCSCOBDR004,31NSOXIBooXOYNzvUuXd
2332,Ctc - Centro De Tecnologia Canavieira S.A.,NULL,$CTCA3,92,I,5,CTCA3,NULL,1,BRCTCAACNOR7,bFNTOXIBooXOYNzvdexK
2336,Citigroup Inc.,NULL,$CTGP34,92,I,5,CTGP34,NULL,1,BRCTGPBDR000,b1NTOXIBooXOYNzvdexK
2352,Cognizant Technology Solutions,NULL,$CTSH34,92,I,5,CTSH34,NULL,1,BRCTSHBDR002,kFNTOXIBooXOYNzve-zo
2403,Cvs Health Corporation,NULL,$CVSH34,92,I,5,CVSH34,NULL,1,BRCVSHBDR008,V1NUOXIBooXOYNzvKfB_
2531,Delta Air Lines. Inc.,NULL,$DEAI34,92,I,5,DEAI34,NULL,1,BRDEAIBDR008,PFNVOXIBooXOYNzvL_aL
2593,Danaher Corporation,NULL,$DHER34,92,I,5,DHER34,NULL,1,BRDHERBDR004,vFNVOXIBooXOYNzvQvZ4
2613,The Walt Disney Company,NULL,$DISB34,92,I,5,DISB34,NULL,1,BRDISBBDR006,9VNVOXIBooXOYNzvfvcI
2661,Ogx Petróleo E Gás S.A.,NULL,$DMMO3,92,I,5,DMMO3,NULL,1,BRDMMOACNOR0,R1NVOXIBooXOYNzvjPiq
2771,Duke Energy Corporation,NULL,$DUKB34,92,I,5,DUKB34,NULL,1,BRDUKBBDR008,Z1NVOXIBooXOYNzvufmg
2854,Ebay Inc.,NULL,$EBAY34,92,I,5,EBAY34,NULL,1,BREBAYBDR009,xlNVOXIBooXOYNzvzvly
3203,Elétron S.A.,NULL,$ETRO3B,92,I,5,ETRO3B,NULL,1,BRETROACNOR2,91RcOXIBooXOYNzvhB-g
3307,Exxon Mobil Corporation,NULL,$EXXO34,92,I,5,EXXO34,NULL,1,BREXXOBDR006,XVRcOXIBooXOYNzvwSEK
3356,Facebook. Inc.,NULL,$FBOK34,92,I,5,FBOK34,NULL,1,BRFBOKBDR006,llRcOXIBooXOYNzv-SJ4
3367,Ficap,NULL,$FCAP3,92,I,5,FCAP3,NULL,1,NULL,oFRcOXIBooXOYNzv-yKl
3368,Ficap,NULL,$FCAP4,92,I,5,FCAP4,NULL,1,NULL,oVRcOXIBooXOYNzv-yLX
3392,Freeport - Mcmoran Copper Gold Inc.,NULL,$FCXO34,92,I,5,FCXO34,NULL,1,BRFCXOBDR007,u1RdOXIBooXOYNzvASKA
3405,Ford Motors,NULL,$FDMO34,92,I,5,FDMO34,NULL,1,BRFDMOBDR008,zFRdOXIBooXOYNzvBSIZ
3416,Fedex Corporation,NULL,$FDXB34,92,I,5,FDXB34,NULL,1,BRFDXBBDR002,AVRdOXIBooXOYNzvCCMo
3482,Investimentos Bemge,NULL,$FIGE3,92,I,5,FIGE3,NULL,1,BRFIGEACNOR6,VVRdOXIBooXOYNzvGiOF
3483,Investimentos Bemge,NULL,$FIGE4,92,I,5,FIGE4,NULL,1,BRFIGEACNPR3,VlRdOXIBooXOYNzvGiO6
3527,Flex Gestão De Relacionamento S.A.,NULL,$FLEX3,92,I,5,FLEX3,NULL,1,BRFLEXACNOR5,nlRdOXIBooXOYNzvKiMb
3598,Fomento Economico Mexicano Sab De Cv - Femsa,NULL,$FMXB34,92,I,5,FMXB34,NULL,1,BRFMXBBDR003,L1RdOXIBooXOYNzvnias
3605,Finansinos S/A Cfi,NULL,$FNCN3,92,I,5,FNCN3,NULL,1,BRFNCNACNOR6,NlRdOXIBooXOYNzvoCYy
3689,All - América Latina Logística Malha Norte S.A.,NULL,$FRRN3B,92,I,5,FRRN3B,NULL,1,BRFRRNACNOR5,w1RdOXIBooXOYNzvtSbu
3690,All - América Latina Logística Malha Norte S.A.,NULL,$FRRN5B,92,I,5,FRRN5B,NULL,1,BRFRRNACNPA8,xFRdOXIBooXOYNzvtiYR
3691,All - América Latina Logística Malha Norte S.A.,NULL,$FRRN6B,92,I,5,FRRN6B,NULL,1,BRFRRNACNPB6,xVRdOXIBooXOYNzvtiZJ
3709,First Solar. Inc,NULL,$FSLR34,92,I,5,FSLR34,NULL,1,BRFSLRBDR001,1VRdOXIBooXOYNzvuSbn
3743,Futuretel Sa,NULL,$FTRT3B,92,I,5,FTRT3B,NULL,1,NULL,DVRdOXIBooXOYNzvxCc9
3876,General Dynamics Corp.,NULL,$GDBR34,92,I,5,GDBR34,NULL,1,BRGDBRBDR002,51RdOXIBooXOYNzv6ScB
3910,General Electric Company,NULL,$GEOO34,92,I,5,GEOO34,NULL,1,BRGEOOBDR000,P1RdOXIBooXOYNzv9Cgf
3960,Gilead Sciences. Inc.,NULL,$GILD34,92,I,5,GILD34,NULL,1,BRGILDBDR000,r1RfOXIBooXOYNzvSC-9
4017,General Motors Company,NULL,$GMCO34,92,I,5,GMCO34,NULL,1,BRGMCOBDR008,MlRfOXIBooXOYNzvXDCE
4035,Notre Dame Intermédica Participações S.A.,NULL,$GNDI3,92,I,5,GNDI3,NULL,1,BRGNDIACNOR2,RlRfOXIBooXOYNzvYTAD
4058,Alphabet Inc.,NULL,$GOGL34,92,I,5,GOGL34,NULL,1,BRGOGLBDR001,mFRgOXIBooXOYNzvrDd4
4059,Alphabet Inc.,NULL,$GOGL35,92,I,5,GOGL35,NULL,1,BRGOGLBDR019,mVRgOXIBooXOYNzvrDeq
4081,Gp Investments. Ltd.,NULL,$GPIV33,92,I,5,GPIV33,NULL,1,BRGPIVBDR003,ElRhOXIBooXOYNzvHToy
4093,Gopro. Inc.,NULL,$GPRO34,92,I,5,GPRO34,NULL,1,BRGPROBDR009,HlRhOXIBooXOYNzvHzoF
4095,The Gap. Inc.,NULL,$GPSI34,92,I,5,GPSI34,NULL,1,BRGPSIBDR009,IVRhOXIBooXOYNzvHzpy
4122,Gruçai Participacoes S.A.,NULL,$GRUC3,92,I,5,GRUC3,NULL,1,NULL,lVRhOXIBooXOYNzvMDpE
4123,Gruçai Participacoes S.A.,NULL,$GRUC6,92,I,5,GRUC6,NULL,1,NULL,llRhOXIBooXOYNzvMDpy
4148,Goldman Sachs Group Inc.,NULL,$GSGI34,92,I,5,GSGI34,NULL,1,BRGSGIBDR008,slRhOXIBooXOYNzvNjqa
4226,Halliburton Company,NULL,$HALI34,92,I,5,HALI34,NULL,1,BRHALIBDR004,SlRhOXIBooXOYNzvTjv5
4231,Hapvida Participações E Investimentos S.A.,NULL,$HAPV3,92,I,5,HAPV3,NULL,1,BRHAPVACNOR4,UFRhOXIBooXOYNzvUDtV
4255,Br Home Centers S.A.,NULL,$HCBR3,92,I,5,HCBR3,NULL,1,BRHCBRACNOR8,HFRhOXIBooXOYNzvoT27
4393,The Home Depot,NULL,$HOME34,92,I,5,HOME34,NULL,1,BRHOMEBDR002,AFRhOXIBooXOYNzv-D-G
4396,Honeywell International Inc.,NULL,$HONB34,92,I,5,HONB34,NULL,1,BRHONBBDR006,B1RhOXIBooXOYNzv-T8K
4410,Hewlett-Packard Company,NULL,$HPQB34,92,I,5,HPQB34,NULL,1,BRHPQBBDR006,HVRhOXIBooXOYNzv_T_r
4433,The Hershey Company,NULL,$HSHY34,92,I,5,HSHY34,NULL,1,BRHSHYBDR001,PVRiOXIBooXOYNzvBz8g
4562,International Business Machines Corporation,NULL,$IBMB34,92,I,5,IBMB34,NULL,1,BRIBMBBDR003,vVRiOXIBooXOYNzv0EMy
4673,Companhia De Aguas Do Brasil - Cab Ambiental,NULL,$IGSN3,92,I,5,IGSN3,NULL,1,BRIGSNACNOR0,u1RkOXIBooXOYNzvrk7D
4840,,NULL,$IRBR3,92,I,5,IRBR3,NULL,1,BRIRBRACNOR4,GVRlOXIBooXOYNzvGVFd
4887,Intel Corporation,NULL,$ITLC34,92,I,5,ITLC34,NULL,1,BRITLCBDR005,G1RlOXIBooXOYNzvwFUl
4910,Invepar,NULL,$IVPR3B,92,I,5,IVPR3B,NULL,1,BRIVPRACNOR6,8FRoOXIBooXOYNzvlGUr
4911,Invepar,NULL,$IVPR4B,92,I,5,IVPR4B,NULL,1,BRIVPRACNPR3,8VRoOXIBooXOYNzvlGVe
4982,J. C. Penney Company. Inc.,NULL,$JCPC34,92,I,5,JCPC34,NULL,1,BRJCPCBDR000,a1RpOXIBooXOYNzvqGzj
5059,Johnson & Johnson,NULL,$JNJB34,92,I,5,JNJB34,NULL,1,BRJNJBBDR002,BFRpOXIBooXOYNzvvm1L
5092,Jpmorgan Chase & Co.,NULL,$JPMC34,92,I,5,JPMC34,NULL,1,BRJPMCBDR009,KlRpOXIBooXOYNzvxW3I
5099,Jereissati Participações S/A,NULL,$JPSA3,92,I,5,JPSA3,NULL,1,BRJPSAACNOR6,MlRpOXIBooXOYNzvx21y
5196,The Kraft Heinz Company,NULL,$KHCB34,92,I,5,KHCB34,NULL,1,BRKHCBBDR007,xlRpOXIBooXOYNzv3W3S
5220,Kimberly-Clark Corp,NULL,$KMBB34,92,I,5,KMBB34,NULL,1,BRKMBBBDR009,ylRqOXIBooXOYNzvjnGK
5329,L Brands. Inc.,NULL,$LBRN34,92,I,5,LBRN34,NULL,1,BRLBRNBDR001,slRrOXIBooXOYNzv3HnK
5394,Lojas Hering,NULL,$LHER3,92,I,5,LHER3,NULL,1,BRLHERACNOR3,3VRsOXIBooXOYNzvEXq3
5395,Lojas Hering,NULL,$LHER4,92,I,5,LHER4,NULL,1,BRLHERACNPR0,3lRsOXIBooXOYNzvEXrs
5403,Eli Lilly And Company,NULL,$LILY34,92,I,5,LILY34,NULL,1,BRLILYBDR006,OlRsOXIBooXOYNzvcn1E
5409,Liq Participações S.A.,NULL,$LIQO3,92,I,5,LIQO3,NULL,1,BRLIQOACNOR2,bVRsOXIBooXOYNzvqn5m
5447,Lockheed Martin Corporation,NULL,$LMTB34,92,I,5,LMTB34,NULL,1,BRLMTBBDR009,nFRsOXIBooXOYNzvtH5M
5510,Litel Participacoes,NULL,$LTEL11B,92,I,5,LTEL11B,NULL,1,BRLTELARNPB0,YFRuOXIBooXOYNzvEobX
5511,Litel Participacoes,NULL,$LTEL3B,92,I,5,LTEL3B,NULL,1,BRLTELACNOR1,YVRuOXIBooXOYNzvE4Yq
5512,Litel Participacoes,NULL,$LTEL5B,92,I,5,LTEL5B,NULL,1,BRLTELACNPA4,YlRuOXIBooXOYNzvE4ZD
5533,Trevisa Investimentos Sa,NULL,$LUXM3,92,I,5,LUXM3,NULL,1,BRLUXMACNOR7,flRuOXIBooXOYNzvGYYi
5534,Trevisa Investimentos Sa,NULL,$LUXM4,92,I,5,LUXM4,NULL,1,BRLUXMACNPR4,f1RuOXIBooXOYNzvGYZf
5565,Macy S Inc.,NULL,$MACY34,92,I,5,MACY34,NULL,1,BRMACYBDR000,zVRuOXIBooXOYNzvIYa0
5575,Cia Marcopolo,NULL,$MAPT3,92,I,5,MAPT3,NULL,1,BRMAPTACNOR8,3FRuOXIBooXOYNzvJYYP
5576,Cia Marcopolo,NULL,$MAPT4,92,I,5,MAPT4,NULL,1,BRMAPTACNPR5,3VRuOXIBooXOYNzvJYZg
5614,Mcdonalds Corp.,NULL,$MCDC34,92,I,5,MCDC34,NULL,1,BRMCDCBDR000,ClRuOXIBooXOYNzvL4cX
5648,Mondelez International. Inc,NULL,$MDLZ34,92,I,5,MDLZ34,NULL,1,BRMDLZBDR002,8lRuOXIBooXOYNzvVYeU
5654,Medtronic Public Limited Company,NULL,$MDTC34,92,I,5,MDTC34,NULL,1,BRMDTCBDR004,-1RuOXIBooXOYNzvV4eC
5678,Metlife Inc,NULL,$METB34,92,I,5,METB34,NULL,1,BRMETBBDR004,HFRuOXIBooXOYNzvXojC
5797,Minasmáquinas S/A,NULL,$MMAQ3,92,I,5,MMAQ3,NULL,1,BRMMAQACNOR1,2VRvOXIBooXOYNzvXY2b
5798,Minasmáquinas S/A,NULL,$MMAQ4,92,I,5,MMAQ4,NULL,1,BRMMAQACNPR8,2lRvOXIBooXOYNzvXY3W
5810,3M Company,NULL,$MMMC34,92,I,5,MMMC34,NULL,1,BRMMMCBDR000,5lRvOXIBooXOYNzvYI2C
5821,Mundial,NULL,$MNDL3,92,I,5,MNDL3,NULL,1,BRMNDLACNOR4,-FRvOXIBooXOYNzvZI01
5837,Tgmc,NULL,$MNZC3B,92,I,5,MNZC3B,NULL,1,BRMNZCACNOR6,C1RvOXIBooXOYNzvaI5R
5859,The Mosaic Company,NULL,$MOSC34,92,I,5,MOSC34,NULL,1,BRMOSCBDR003,J1RvOXIBooXOYNzvb45K
5889,Merck Co.. Inc.,NULL,$MRCK34,92,I,5,MRCK34,NULL,1,BRMRCKBDR003,qFRvOXIBooXOYNzvgY5_
5898,Mrs Logística S/A,NULL,$MRSA3B,92,I,5,MRSA3B,NULL,1,BRMRSAACNOR6,zlRwOXIBooXOYNzvQZKP
5899,Mrs Logística S/A,NULL,$MRSA5B,92,I,5,MRSA5B,NULL,1,BRMRSAACNPA9,0VRwOXIBooXOYNzvQZLo
5900,Mrs Logística S/A,NULL,$MRSA6B,92,I,5,MRSA6B,NULL,1,BRMRSAACNPB7,0lRwOXIBooXOYNzvQpIG
5918,Morgan Stanley,NULL,$MSBR34,92,I,5,MSBR34,NULL,1,BRMSBRBDR008,0FRwOXIBooXOYNzv9ZZL
5919,Mastercard Incorporated,NULL,$MSCD34,92,I,5,MSCD34,NULL,1,BRMSCDBDR006,01RwOXIBooXOYNzv9ZbG
5925,Microsoft Corporation,NULL,$MSFT34,92,I,5,MSFT34,NULL,1,BRMSFTBDR005,2FRwOXIBooXOYNzv9pbe
5934,Maestro Locadora De Veículos S.A.,NULL,$MSRO3,92,I,5,MSRO3,NULL,1,BRMSROACNOR7,7FRwOXIBooXOYNzv-pbm
6109,Suzano Holding S.A.,NULL,$NEMO3,92,I,5,NEMO3,NULL,1,BRNEMOACNOR6,4lRyOXIBooXOYNzvt6Aj
6110,Suzano Holding S.A.,NULL,$NEMO5,92,I,5,NEMO5,NULL,1,BRNEMOACNPA9,41RyOXIBooXOYNzvt6Bc
6111,Suzano Holding S.A.,NULL,$NEMO6,92,I,5,NEMO6,NULL,1,BRNEMOACNPB7,5FRyOXIBooXOYNzvt6CQ
6114,Neoenergia S.A.,NULL,$NEOE3B,92,I,5,NEOE3B,NULL,1,BRNEOEACNOR3,6lRyOXIBooXOYNzvuKD0
6133,Newtel Participações S.A.,NULL,$NEWT3B,92,I,5,NEWT3B,NULL,1,NULL,KFRyOXIBooXOYNzvxqE8
6147,Netflix. Inc.,NULL,$NFLX34,92,I,5,NFLX34,NULL,1,BRNFLXBDR000,QFRyOXIBooXOYNzvzKGv
6183,Nike Inc,NULL,$NIKE34,92,I,5,NIKE34,NULL,1,BRNIKEBDR006,eFRyOXIBooXOYNzv1KFu
6265,Nortec Quimica S.A.,NULL,$NRTQ3,92,I,5,NRTQ3,NULL,1,BRNRTQACNOR8,FVRyOXIBooXOYNzv7aK2
6334,Nutriplant,NULL,$NUTR3,92,I,5,NUTR3,NULL,1,BRNUTRACNOR0,oVRzOXIBooXOYNzvkKWr
6431,Conservas Oderich Sa,NULL,$ODER3,92,I,5,ODER3,NULL,1,BRODERACNOR6,QVRzOXIBooXOYNzvqqYu
6432,Conservas Oderich Sa,NULL,$ODER4,92,I,5,ODER4,NULL,1,BRODERACNPR3,QlRzOXIBooXOYNzvqqZX
6494,Omega Geração S.A.,NULL,$OMGE3,92,I,5,OMGE3,NULL,1,BROMGEACNOR0,cFRzOXIBooXOYNzv4KeO
6524,Gama Participações Sa,NULL,$OPGM3B,92,I,5,OPGM3B,NULL,1,BROPGMACNOR6,ylRzOXIBooXOYNzv66fb
6528,Opportunity Energia E Participações S.A.,NULL,$OPHE3B,92,I,5,OPHE3B,NULL,1,BROPHEACNOR1,zlRzOXIBooXOYNzv7KfA
6536,Sudeste S.A.,NULL,$OPSE3B,92,I,5,OPSE3B,NULL,1,BROPSEACNOR8,3VRzOXIBooXOYNzv8KcS
6538,Opportunity Sul S.A.,NULL,$OPTS3B,92,I,5,OPTS3B,NULL,1,BROPTSACNOR6,31RzOXIBooXOYNzv8KeC
6549,Oracle Corporation,NULL,$ORCL34,92,I,5,ORCL34,NULL,1,BRORCLBDR007,6lRzOXIBooXOYNzv9Ke2
6611,Pacific Rdsl Participações S.A.,NULL,$PACF3,92,I,5,PACF3,NULL,1,BRPACFACNOR8,UVR0OXIBooXOYNzvCag4
6630,Instituto Hermes Pardini S/A,NULL,$PARD3,92,I,5,PARD3,NULL,1,BRPARDACNOR1,aVR0OXIBooXOYNzvDqi5
6737,Pepsico. Inc.,NULL,$PEPB34,92,I,5,PEPB34,NULL,1,BRPEPBBDR005,uVR1OXIBooXOYNzvU696
6768,Pfizer Inc.,NULL,$PFIZ34,92,I,5,PFIZ34,NULL,1,BRPFIZBDR006,9VR5OXIBooXOYNzvE8QS
6784,Procter Gamble Company,NULL,$PGCO34,92,I,5,PGCO34,NULL,1,BRPGCOBDR001,B1R5OXIBooXOYNzvF8UC
6914,Polpar S.A.,NULL,$PPAR3,92,I,5,PPAR3,NULL,1,BRPPARACNOR5,HVR5OXIBooXOYNzvnMgr
6924,Btg Pactual Participations. Ltd.,NULL,$PPLA11,92,I,5,PPLA11,NULL,1,BRPPLAUNT007,KlR5OXIBooXOYNzvn8ge
6958,Petro Rio S.A.,NULL,$PRIO3,92,I,5,PRIO3,NULL,1,BRPRIOACNOR1,WlR5OXIBooXOYNzvqchE
6962,Proman,NULL,$PRMN3B,92,I,5,PRMN3B,NULL,1,BRPRMNACNOR5,JlR5OXIBooXOYNzvzckY
6966,Priner Serviços Industriais S.A.,NULL,$PRNR3,92,I,5,PRNR3,NULL,1,BRPRNRACNOR4,K1R5OXIBooXOYNzvzskv
6974,Prompt Participações S/A,NULL,$PRPT3B,92,I,5,PRPT3B,NULL,1,BRPRPTACNOR5,NFR5OXIBooXOYNzv0Mkm
7139,Qualcomm Inc.,NULL,$QCOM34,92,I,5,QCOM34,NULL,1,BRQCOMBDR007,JVR6OXIBooXOYNzvJ8ua
7195,Quality Sofware S.A.,NULL,$QUSW3,92,I,5,QUSW3,NULL,1,BRQUSWACNOR5,Z1R7OXIBooXOYNzvFNBs
7199,524 Participacoes Sa,NULL,$QVQP3B,92,I,5,QVQP3B,NULL,1,BRQVQPACNOR1,bFR7OXIBooXOYNzvFdCI
7283,Rede Energia Participações S.A.,NULL,$REDE3,92,I,5,REDE3,NULL,1,BRREDEACNOR7,llR9OXIBooXOYNzvONxm
7364,Transocean Ltd.,NULL,$RIGG34,92,I,5,RIGG34,NULL,1,BRRIGGBDR000,jVR-OXIBooXOYNzvceNy
7450,Ross Stores. Inc.,NULL,$ROST34,92,I,5,ROST34,NULL,1,BRROSTBDR006,LFR-OXIBooXOYNzvi-RY
7566,Sanchez Energy Corporation,NULL,$SANC34,92,I,5,SANC34,NULL,1,BRSANCBDR000,JVR_OXIBooXOYNzvlupv
7606,Starbucks Corporation,NULL,$SBUB34,92,I,5,SBUB34,NULL,1,BRSBUBBDR005,-1SAOXIBooXOYNzvxfBu
7646,The Charles Schwab Corporation,NULL,$SCHW34,92,I,5,SCHW34,NULL,1,BRSCHWBDR006,KFSAOXIBooXOYNzvz_FT
7698,Abril Educação S/A,NULL,$SEDU3,92,I,5,SEDU3,NULL,1,BRSEDUACNOR1,blSAOXIBooXOYNzv3vEr
7831,Schlumberger Limited,NULL,$SLBG34,92,I,5,SLBG34,NULL,1,BRSLBGBDR003,u1SBOXIBooXOYNzvQ_PC
7834,Selectpart Participações S.A.,NULL,$SLCT3B,92,I,5,SLCT3B,NULL,1,BRSLCTACNOR0,5FSBOXIBooXOYNzvTPPL
7873,Smartfit Escola De Ginástica E Dança S.A.,NULL,$SMFT11,92,I,5,SMFT11,NULL,1,BRSMFTACNPE6,hVSBOXIBooXOYNzvwPb9
7874,Smartfit Escola De Ginástica E Dança S.A.,NULL,$SMFT12,92,I,5,SMFT12,NULL,1,BRSMFTACNPG1,hlSBOXIBooXOYNzvwfY2
7875,Smartfit Escola De Ginástica E Dança S.A.,NULL,$SMFT13,92,I,5,SMFT13,NULL,1,BRSMFTA01PA5,h1SBOXIBooXOYNzvwfZo
7876,Smartfit Escola De Ginástica E Dança S.A.,NULL,$SMFT14,92,I,5,SMFT14,NULL,1,BRSMFTA03PA1,iFSBOXIBooXOYNzvwfaa
7877,Smartfit Escola De Ginástica E Dança S.A.,NULL,$SMFT15,92,I,5,SMFT15,NULL,1,BRSMFTA05PA6,iVSBOXIBooXOYNzvwfbf
7878,Smartfit Escola De Ginástica E Dança S.A.,NULL,$SMFT3,92,I,5,SMFT3,NULL,1,BRSMFTACNOR1,ilSBOXIBooXOYNzvwvYN
7879,Smartfit Escola De Ginástica E Dança S.A.,NULL,$SMFT6,92,I,5,SMFT6,NULL,1,BRSMFTACNPB2,i1SBOXIBooXOYNzvwvZU
7890,Smiles Fidelidade S.A.,NULL,$SMLS3,92,I,5,SMLS3,NULL,1,BRSMLSACNOR1,l1SBOXIBooXOYNzvxPbT
8014,Sprint Corporation,NULL,$SPRN34,92,I,5,SPRN34,NULL,1,BRSPRNBDR006,klSCOXIBooXOYNzvz_ww
8017,Longdis Sa,NULL,$SPRT3B,92,I,5,SPRT3B,NULL,1,BRSPRTACNOR9,lVSCOXIBooXOYNzvz_zg
8089,Salesforce.Com. Inc.,NULL,$SSFO34,92,I,5,SSFO34,NULL,1,BRSSFOBDR003,HVSCOXIBooXOYNzv5P2c
8136,Desenvix Energias Renováveis Sa,NULL,$STKF3,92,I,5,STKF3,NULL,1,BRSTKFACNOR5,WVSDOXIBooXOYNzvIP4U
8346,Terra Santa Agro S.A.,NULL,$TESA3,92,I,5,TESA3,NULL,1,BRTESAACNOR9,-VWFOXIBooXOYNzvrAyr
8352,Texas Instruments Inc.,NULL,$TEXA34,92,I,5,TEXA34,NULL,1,BRTEXABDR003,_1WFOXIBooXOYNzvrgwA
8374,Target Corp,NULL,$TGTB34,92,I,5,TGTB34,NULL,1,BRTGTBBDR004,J1WFOXIBooXOYNzvtg3J
8396,Tiffany Co,NULL,$TIFF34,92,I,5,TIFF34,NULL,1,BRTIFFBDR000,DlWFOXIBooXOYNzv3w7B
8445,Thermo Fisher Scientific. Inc.,NULL,$TMOS34,92,I,5,TMOS34,NULL,1,BRTMOSBDR007,EVWGOXIBooXOYNzvkBIv
8542,The Travelers Companies. Inc,NULL,$TRVC34,92,I,5,TRVC34,NULL,1,BRTRVCBDR005,DFWHOXIBooXOYNzvGBWo
8557,Tesla. Inc,NULL,$TSLA34,92,I,5,TSLA34,NULL,1,BRTSLABDR008,KlWHOXIBooXOYNzvHxUQ
8621,Twitter. Inc.,NULL,$TWTR34,92,I,5,TWTR34,NULL,1,BRTWTRBDR007,lVWHOXIBooXOYNzvWxb9
8664,Ubs Group Ag,NULL,$UBSG34,92,I,5,UBSG34,NULL,1,BRUBSGBDR004,y1WHOXIBooXOYNzvaBZ3
8748,Union Pacific Corporation,NULL,$UPAC34,92,I,5,UPAC34,NULL,1,BRUPACBDR001,5FWIOXIBooXOYNzveRy3
8749,Uptick Participacoes,NULL,$UPKP3B,92,I,5,UPKP3B,NULL,1,BRUPKPACNOR8,5VWIOXIBooXOYNzveRy3
8754,United Parcel Service. Inc.,NULL,$UPSS34,92,I,5,UPSS34,NULL,1,BRUPSSBDR009,6lWIOXIBooXOYNzvehy2
8783,U.S. Bancorp,NULL,$USBC34,92,I,5,USBC34,NULL,1,BRUSBCBDR003,ClWIOXIBooXOYNzvgR2I
8811,United States Steel Corporation,NULL,$USSX34,92,I,5,USSX34,NULL,1,BRUSSXBDR003,plWJOXIBooXOYNzvpiNe
8817,United Technologies Corp,NULL,$UTEC34,92,I,5,UTEC34,NULL,1,BRUTECBDR005,sVWJOXIBooXOYNzvqCPI
8903,Verizon Communications Inc.,NULL,$VERZ34,92,I,5,VERZ34,NULL,1,BRVERZBDR008,_1WMOXIBooXOYNzvqzRo
8949,Visa Inc.,NULL,$VISA34,92,I,5,VISA34,NULL,1,BRVISABDR000,RVWMOXIBooXOYNzvuTWb
8963,Valero Energy Corporation,NULL,$VLOE34,92,I,5,VLOE34,NULL,1,BRVLOEBDR005,nlWNOXIBooXOYNzvcDnK
9046,Ferrovia Centro-Atlântica S.A.,NULL,$VSPT3,92,I,5,VSPT3,NULL,1,BRVSPTACNOR1,AVWNOXIBooXOYNzvhToJ
9047,Ferrovia Centro-Atlântica S.A.,NULL,$VSPT4,92,I,5,VSPT4,NULL,1,BRVSPTACNPR8,AlWNOXIBooXOYNzvhTpA
9109,Wal Mart Stores Inc.,NULL,$WALM34,92,I,5,WALM34,NULL,1,BRWALMBDR005,nlWOOXIBooXOYNzvdj-2
9173,Wells Fargo Company,NULL,$WFCO34,92,I,5,WFCO34,NULL,1,BRWFCOBDR009,dlWPOXIBooXOYNzva0XA
9204,Wiz Soluções E Corretagem De Seguros S.A.,NULL,$WIZS3,92,I,5,WIZS3,NULL,1,BRWIZSACNOR1,q1WPOXIBooXOYNzvdkV7
9214,Wlm,NULL,$WLMM3,92,I,5,WLMM3,NULL,1,BRWLMMACNOR6,ulWPOXIBooXOYNzveUWV
9215,Wlm,NULL,$WLMM4,92,I,5,WLMM4,NULL,1,BRWLMMACNPR3,u1WPOXIBooXOYNzveUXI
9269,Wilson Sons Ltd.,NULL,$WSON33,92,I,5,WSON33,NULL,1,BRWSONBDR009,9lWPOXIBooXOYNzvhUWZ
9295,The Western Union Company,NULL,$WUNI34,92,I,5,WUNI34,NULL,1,BRWUNIBDR007,Q1WPOXIBooXOYNzvjUZ1
9378,Xerox Corporation,NULL,$XRXB34,92,I,5,XRXB34,NULL,1,BRXRXBBDR005,ylWPOXIBooXOYNzvqEb0
17058,Índice Bovespa,NULL,$IBOV,92,I,5,IBOV,NULL,1,NULL,y1RiOXIBooXOYNzv00NM
17107,Biotoscana Investments SA,NULL,$GBIO33,92,I,5,GBIO33,NULL,1,BRGBIOBDR008,x1RdOXIBooXOYNzv4icO
17108,BK Brasil Operacao e Assessoria a Restaurantes SA,NULL,$BKBR3,92,I,5,BKBR3,NULL,1,BRBKBRACNOR4,k1NDOXIBooXOYNzv75Gc
17181,Contrato de Dolar Futuro,NULL,$DOLFUT,1605,M,5,DOLF21,NULL,1,NULL,oFNVOXIBooXOYNzvl_hw
17183,LOG Commercial Properties Participacoes SA,NULL,$LOGG3,92,I,5,LOGG3,NULL,1,BRLOGGACNOR7,sVRsOXIBooXOYNzvuH6a
